id,sum_a,sum_b,sum_c,sum_d,sum_e,sum_f,sum_g,sum_h,sum_i,sum_j,count_a,count_b,count_c,count_d,count_e,count_f,count_g,count_h,count_i,count_j,date
C00313K,0.0,8.77,0.0,0.0,0.0,0.0,0.0,0.0,0.0,0.0,0.0,1.0,0.0,0.0,0.0,0.0,0.0,0.0,0.0,0.0,2023-10-01
C11256K,1.28,0.0,0.0,0.0,0.0,0.0,0.0,0.0,0.0,0.0,1.0,0.0,0.0,0.0,0.0,0.0,0.0,0.0,0.0,0.0,2023-10-01
C11256K,0.96,0.0,0.0,0.0,0.0,0.0,0.0,0.0,0.0,0.0,1.0,0.0,0.0,0.0,0.0,0.0,0.0,0.0,0.0,0.0,2023-11-01
C11256K,0.64,0.0,0.0,0.0,0.0,0.0,0.0,0.0,0.0,0.0,1.0,0.0,0.0,0.0,0.0,0.0,0.0,0.0,0.0,0.0,2024-01-01
C11256K,0.57,0.0,0.0,0.0,0.0,0.0,0.0,0.0,0.0,0.0,1.0,0.0,0.0,0.0,0.0,0.0,0.0,0.0,0.0,0.0,2024-02-01
C11256K,0.78,0.0,0.0,0.0,0.0,0.0,0.0,0.0,0.0,0.0,1.0,0.0,0.0,0.0,0.0,0.0,0.0,0.0,0.0,0.0,2023-12-01
C45219K,18202.25,0.0,0.0,0.0,0.0,0.0,0.0,0.0,0.0,0.0,2.0,0.0,0.0,0.0,0.0,0.0,0.0,0.0,0.0,0.0,2023-10-01
C45219K,4109.782269088,0.0,0.0,0.0,26.099200289,0.0,0.0,0.0,0.0,0.0,9.0,0.0,0.0,0.0,2.0,0.0,0.0,0.0,0.0,0.0,2023-11-01
C45219K,94739.264816439,0.0,65313.55000000028,0.0,51.515597027000005,0.0,0.0,0.0,0.0,0.0,9.0,0.0,25.0,0.0,2.0,0.0,0.0,0.0,0.0,0.0,2024-01-01
C45219K,61996.940691542,0.0,94324.06999999985,0.0,0.0,0.0,0.0,0.0,0.0,0.0,11.0,0.0,69.0,0.0,0.0,0.0,0.0,0.0,0.0,0.0,2024-02-01
C45219K,194299.610307157,0.0,201679.59,0.0,0.0,0.0,0.0,0.0,0.0,0.0,13.0,0.0,37.0,0.0,0.0,0.0,0.0,0.0,0.0,0.0,2024-03-01
C45219K,3461.92,0.0,0.0,0.0,0.0,0.0,0.0,0.0,0.0,0.0,4.0,0.0,0.0,0.0,0.0,0.0,0.0,0.0,0.0,0.0,2023-12-01
C57465K,2422.924917395,0.0,0.0,0.0,0.0,0.0,0.0,0.0,0.0,0.0,5.0,0.0,0.0,0.0,0.0,0.0,0.0,0.0,0.0,0.0,2023-10-01
C57465K,2362.8184073390003,0.0,0.0,0.0,0.0,0.0,0.0,0.0,0.0,0.0,5.0,0.0,0.0,0.0,0.0,0.0,0.0,0.0,0.0,0.0,2023-11-01
C57465K,2593.7410136650005,0.0,0.0,0.0,0.0,0.0,0.0,0.0,0.0,0.0,5.0,0.0,0.0,0.0,0.0,0.0,0.0,0.0,0.0,0.0,2024-01-01
C57465K,2592.772618992,0.0,0.0,0.0,0.0,0.0,0.0,0.0,0.0,0.0,5.0,0.0,0.0,0.0,0.0,0.0,0.0,0.0,0.0,0.0,2024-02-01
C57465K,2579.900177856,0.0,0.0,0.0,0.0,0.0,0.0,0.0,0.0,0.0,5.0,0.0,0.0,0.0,0.0,0.0,0.0,0.0,0.0,0.0,2024-03-01
C57465K,3212.0888271860003,0.0,0.0,0.0,0.0,0.0,0.0,0.0,0.0,0.0,5.0,0.0,0.0,0.0,0.0,0.0,0.0,0.0,0.0,0.0,2023-12-01
C69692K,584.43,0.0,0.0,0.0,0.0,0.0,0.0,0.0,0.0,0.0,1.0,0.0,0.0,0.0,0.0,0.0,0.0,0.0,0.0,0.0,2023-10-01
C69692K,565.57,0.0,0.0,0.0,0.0,0.0,0.0,0.0,0.0,0.0,1.0,0.0,0.0,0.0,0.0,0.0,0.0,0.0,0.0,0.0,2023-11-01
C69692K,565.57,0.0,0.0,0.0,0.0,0.0,0.0,0.0,0.0,0.0,1.0,0.0,0.0,0.0,0.0,0.0,0.0,0.0,0.0,0.0,2024-01-01
C69692K,584.43,0.0,0.0,0.0,0.0,0.0,0.0,0.0,0.0,0.0,1.0,0.0,0.0,0.0,0.0,0.0,0.0,0.0,0.0,0.0,2024-02-01
C69692K,584.43,0.0,0.0,0.0,0.0,0.0,0.0,0.0,0.0,0.0,1.0,0.0,0.0,0.0,0.0,0.0,0.0,0.0,0.0,0.0,2024-03-01
C69692K,584.43,0.0,0.0,0.0,0.0,0.0,0.0,0.0,0.0,0.0,1.0,0.0,0.0,0.0,0.0,0.0,0.0,0.0,0.0,0.0,2023-12-01
CA004MK,3050.604706,0.0,0.0,0.0,0.0,0.0,0.0,0.0,0.0,0.0,7.0,0.0,0.0,0.0,0.0,0.0,0.0,0.0,0.0,0.0,2023-10-01
CA004MK,1841.443819,0.0,0.0,0.0,0.0,0.0,0.0,0.0,0.0,0.0,5.0,0.0,0.0,0.0,0.0,0.0,0.0,0.0,0.0,0.0,2023-11-01
CA004MK,3417.453685,0.0,0.0,0.0,0.0,0.0,0.0,0.0,0.0,0.0,9.0,0.0,0.0,0.0,0.0,0.0,0.0,0.0,0.0,0.0,2024-01-01
CA004MK,2226.875218,0.0,0.0,0.0,0.0,0.0,0.0,0.0,0.0,0.0,9.0,0.0,0.0,0.0,0.0,0.0,0.0,0.0,0.0,0.0,2024-02-01
CA004MK,187844.921518,0.0,892.3291209999998,0.0,0.0,0.0,0.0,0.0,0.0,0.0,8.0,0.0,3.0,0.0,0.0,0.0,0.0,0.0,0.0,0.0,2024-03-01
CA004MK,6213.52251,0.0,0.0,0.0,0.0,0.0,0.0,0.0,0.0,0.0,9.0,0.0,0.0,0.0,0.0,0.0,0.0,0.0,0.0,0.0,2023-12-01
CA01WJK,40708.510558558,0.0,0.0,0.0,0.0,0.0,0.0,0.0,0.0,0.0,14.0,0.0,0.0,0.0,0.0,0.0,0.0,0.0,0.0,0.0,2023-10-01
CA01WJK,38614.263580616,0.0,0.0,0.0,0.0,0.0,0.0,0.0,0.0,0.0,14.0,0.0,0.0,0.0,0.0,0.0,0.0,0.0,0.0,0.0,2023-11-01
CA01WJK,13578.116958701,0.0,23703.30788099996,0.0,0.0,0.0,0.0,0.0,0.0,0.0,16.0,0.0,73.0,0.0,0.0,0.0,0.0,0.0,0.0,0.0,2024-01-01
CA01WJK,15247.018857693,0.0,5389.624310000007,0.0,0.0,0.0,0.0,0.0,0.0,0.0,16.0,0.0,35.0,0.0,0.0,0.0,0.0,0.0,0.0,0.0,2024-02-01
CA01WJK,10299.19086277,0.0,8922.541126000004,0.0,0.0,0.0,0.0,0.0,0.0,0.0,14.0,0.0,50.0,0.0,0.0,0.0,0.0,0.0,0.0,0.0,2024-03-01
CA01WJK,50700.491717041004,0.0,10003.750598000006,0.0,0.0,0.0,0.0,0.0,0.0,0.0,18.0,0.0,37.0,0.0,0.0,0.0,0.0,0.0,0.0,0.0,2023-12-01
CA059IK,2726.399907266,0.0,0.0,-0.448999879,0.0,0.0,0.0,0.0,0.0,0.0,55.0,0.0,0.0,1.0,0.0,0.0,0.0,0.0,0.0,0.0,2023-10-01
CA059IK,1644.768216466,0.0,0.0,0.0,0.0,0.0,0.0,0.0,0.0,0.0,6.0,0.0,0.0,0.0,0.0,0.0,0.0,0.0,0.0,0.0,2023-11-01
CA059IK,5282.640491142,0.0,0.0,0.0,0.0,0.0,0.0,0.0,0.0,0.0,52.0,0.0,0.0,0.0,0.0,0.0,0.0,0.0,0.0,0.0,2024-01-01
CA059IK,3928.666450951,0.0,0.0,0.0,0.0,0.0,0.0,0.0,0.0,0.0,6.0,0.0,0.0,0.0,0.0,0.0,0.0,0.0,0.0,0.0,2024-02-01
CA059IK,2977.866252579,0.0,0.0,0.0,0.0,0.0,0.0,0.0,0.0,0.0,6.0,0.0,0.0,0.0,0.0,0.0,0.0,0.0,0.0,0.0,2024-03-01
CA059IK,1695.3957018250003,0.0,0.0,0.493518238,0.0,0.0,0.0,0.0,0.0,0.0,58.0,0.0,0.0,1.0,0.0,0.0,0.0,0.0,0.0,0.0,2023-12-01
CA06FOK,361.607511,0.0,99.4050954999998,0.0,0.0,0.0,0.0,0.0,0.0,0.0,6.0,0.0,37.0,0.0,0.0,0.0,0.0,0.0,0.0,0.0,2023-10-01
CA06FOK,1035.222615,0.0,214.4272820000001,0.0,0.0,0.0,0.0,0.0,0.0,0.0,5.0,0.0,41.0,0.0,0.0,0.0,0.0,0.0,0.0,0.0,2023-11-01
CA06FOK,149.075301,0.0,194.1036605,0.0,0.0,0.0,0.0,0.0,0.0,0.0,5.0,0.0,33.0,0.0,0.0,0.0,0.0,0.0,0.0,0.0,2024-01-01
CA06FOK,588.826038,0.0,149.44469600000048,0.0,0.0,0.0,0.0,0.0,0.0,0.0,6.0,0.0,25.0,0.0,0.0,0.0,0.0,0.0,0.0,0.0,2024-02-01
CA06FOK,944.866682,0.0,192.0407554999997,0.0,0.0,0.0,0.0,0.0,0.0,0.0,5.0,0.0,25.0,0.0,0.0,0.0,0.0,0.0,0.0,0.0,2024-03-01
CA06FOK,451.305354,0.0,237.42274449999968,0.0,0.0,0.0,0.0,0.0,0.0,0.0,8.0,0.0,38.0,0.0,0.0,0.0,0.0,0.0,0.0,0.0,2023-12-01
CA07IGK,33236.401186856,0.0,4582.278531,0.0,0.0,0.0,0.0,0.0,0.0,0.0,17.0,0.0,9.0,0.0,0.0,0.0,0.0,0.0,0.0,0.0,2023-10-01
CA07IGK,37310.088041025,0.0,3990.0840400000016,0.0,0.0,0.0,0.0,0.0,0.0,0.0,18.0,0.0,11.0,0.0,0.0,0.0,0.0,0.0,0.0,0.0,2023-11-01
CA07IGK,19689.943399384003,0.0,10030.41640899999,0.0,0.0,0.0,0.0,0.0,0.0,0.0,16.0,0.0,58.0,0.0,0.0,0.0,0.0,0.0,0.0,0.0,2024-01-01
CA07IGK,10187.126605055995,0.0,14336.446624000033,0.0,0.0,0.0,0.0,0.0,0.0,0.0,16.0,0.0,50.0,0.0,0.0,0.0,0.0,0.0,0.0,0.0,2024-02-01
CA07IGK,10613.514027966,0.0,20083.59702299998,0.0,0.0,0.0,0.0,0.0,0.0,0.0,19.0,0.0,34.0,0.0,0.0,0.0,0.0,0.0,0.0,0.0,2024-03-01
CA07IGK,33527.909553662,0.0,6636.642771999999,0.0,0.0,0.0,0.0,0.0,0.0,0.0,19.0,0.0,12.0,0.0,0.0,0.0,0.0,0.0,0.0,0.0,2023-12-01
CA08VLK,7472.419850646002,0.0,0.0,0.0,0.0,0.0,1447.8399999999997,0.0,0.0,0.0,9.0,0.0,0.0,0.0,0.0,0.0,4.0,0.0,0.0,0.0,2023-10-01
CA08VLK,13903.840787602,0.0,0.0,0.0,0.0,0.0,2738.5200000000004,0.0,0.0,0.0,10.0,0.0,0.0,0.0,0.0,0.0,5.0,0.0,0.0,0.0,2023-11-01
CA08VLK,2231.5149300000003,0.0,0.0,0.0,0.0,0.0,3307.7,0.0,0.0,0.0,12.0,0.0,0.0,0.0,0.0,0.0,4.0,0.0,0.0,0.0,2024-01-01
CA08VLK,2992.077558,0.0,0.0,0.0,0.0,0.0,3131.980000000001,0.0,0.0,0.0,9.0,0.0,0.0,0.0,0.0,0.0,5.0,0.0,0.0,0.0,2024-02-01
CA08VLK,5144.127164,0.0,0.0,0.0,0.0,0.0,4641.049999999999,0.0,0.0,0.0,7.0,0.0,0.0,0.0,0.0,0.0,5.0,0.0,0.0,0.0,2024-03-01
CA08VLK,17943.775635925,0.0,0.0,0.0,0.0,0.0,3801.4899999999993,0.0,0.0,0.0,8.0,0.0,0.0,0.0,0.0,0.0,4.0,0.0,0.0,0.0,2023-12-01
CA0AAXK,1094.09,0.0,0.0,0.0,0.0,0.0,0.0,0.0,0.0,0.0,5.0,0.0,0.0,0.0,0.0,0.0,0.0,0.0,0.0,0.0,2023-10-01
CA0AAXK,1135.615794,0.0,0.0,0.0,0.0,0.0,0.0,0.0,0.0,0.0,6.0,0.0,0.0,0.0,0.0,0.0,0.0,0.0,0.0,0.0,2023-11-01
CA0AAXK,1099.564186,0.0,0.0,0.0,0.0,0.0,0.0,0.0,0.0,0.0,7.0,0.0,0.0,0.0,0.0,0.0,0.0,0.0,0.0,0.0,2024-01-01
CA0AAXK,1092.05,0.0,0.0,0.0,0.0,0.0,0.0,0.0,0.0,0.0,6.0,0.0,0.0,0.0,0.0,0.0,0.0,0.0,0.0,0.0,2024-02-01
CA0AAXK,262.73,0.0,0.0,0.0,0.0,0.0,0.0,0.0,0.0,0.0,4.0,0.0,0.0,0.0,0.0,0.0,0.0,0.0,0.0,0.0,2024-03-01
CA0AAXK,1113.504959,0.0,0.0,0.0,0.0,0.0,0.0,0.0,0.0,0.0,7.0,0.0,0.0,0.0,0.0,0.0,0.0,0.0,0.0,0.0,2023-12-01
CA0DM2K,1520.949455,0.0,0.0,0.0,0.0,0.0,0.0,0.0,0.0,0.0,8.0,0.0,0.0,0.0,0.0,0.0,0.0,0.0,0.0,0.0,2023-10-01
CA0DM2K,2768.467183,0.0,0.0,0.0,0.0,0.0,0.0,0.0,0.0,0.0,10.0,0.0,0.0,0.0,0.0,0.0,0.0,0.0,0.0,0.0,2023-11-01
CA0DM2K,2945.8605270000003,0.0,0.0,0.0,0.0,0.0,0.0,0.0,0.0,0.0,10.0,0.0,0.0,0.0,0.0,0.0,0.0,0.0,0.0,0.0,2024-01-01
CA0DM2K,1878.652356,0.0,0.0,0.0,0.0,0.0,0.0,0.0,0.0,0.0,9.0,0.0,0.0,0.0,0.0,0.0,0.0,0.0,0.0,0.0,2024-02-01
CA0DM2K,1380.69659,0.0,0.0,0.0,0.0,0.0,0.0,0.0,0.0,0.0,8.0,0.0,0.0,0.0,0.0,0.0,0.0,0.0,0.0,0.0,2024-03-01
CA0DM2K,2135.012631,0.0,0.0,0.0,0.0,0.0,0.0,0.0,0.0,0.0,7.0,0.0,0.0,0.0,0.0,0.0,0.0,0.0,0.0,0.0,2023-12-01
CA0FM4K,9.814468,0.0,0.0,0.0,0.0,0.0,0.0,0.0,0.0,0.0,2.0,0.0,0.0,0.0,0.0,0.0,0.0,0.0,0.0,0.0,2023-10-01
CA0FM4K,1448.7300000000002,0.0,0.0,0.0,0.0,0.0,0.0,0.0,0.0,0.0,3.0,0.0,0.0,0.0,0.0,0.0,0.0,0.0,0.0,0.0,2023-11-01
CA0FM4K,6552.186698,0.0,0.0,0.0,0.0,0.0,0.0,0.0,0.0,0.0,3.0,0.0,0.0,0.0,0.0,0.0,0.0,0.0,0.0,0.0,2024-01-01
CA0FM4K,3469.57,0.0,0.0,0.0,0.0,0.0,0.0,0.0,0.0,0.0,3.0,0.0,0.0,0.0,0.0,0.0,0.0,0.0,0.0,0.0,2024-02-01
CA0FM4K,0.0,0.0,0.0,0.0,0.0,0.0,0.0,0.0,0.0,0.0,2.0,0.0,0.0,0.0,0.0,0.0,0.0,0.0,0.0,0.0,2024-03-01
CA0FM4K,0.0,0.0,0.0,0.0,0.0,0.0,0.0,0.0,0.0,0.0,3.0,0.0,0.0,0.0,0.0,0.0,0.0,0.0,0.0,0.0,2023-12-01
CA0HCUK,1990.741441,0.0,0.0,0.0,0.0,0.0,0.0,0.0,0.0,0.0,7.0,0.0,0.0,0.0,0.0,0.0,0.0,0.0,0.0,0.0,2023-10-01
CA0HCUK,2091.4399100000005,0.0,0.0,0.0,0.0,0.0,0.0,0.0,0.0,0.0,7.0,0.0,0.0,0.0,0.0,0.0,0.0,0.0,0.0,0.0,2023-11-01
CA0HCUK,2544.028498,0.0,0.0,0.0,0.0,0.0,0.0,0.0,0.0,0.0,9.0,0.0,0.0,0.0,0.0,0.0,0.0,0.0,0.0,0.0,2024-01-01
CA0HCUK,1373.415063,0.0,0.0,0.0,0.0,0.0,0.0,0.0,0.0,0.0,8.0,0.0,0.0,0.0,0.0,0.0,0.0,0.0,0.0,0.0,2024-02-01
CA0HCUK,1817.844384,0.0,0.0,0.0,0.0,0.0,0.0,0.0,0.0,0.0,7.0,0.0,0.0,0.0,0.0,0.0,0.0,0.0,0.0,0.0,2024-03-01
CA0HCUK,2133.570018,0.0,0.0,0.0,0.0,0.0,0.0,0.0,0.0,0.0,8.0,0.0,0.0,0.0,0.0,0.0,0.0,0.0,0.0,0.0,2023-12-01
CA0JFJK,2203.633519,0.0,0.0,0.0,0.0,0.0,0.0,0.0,0.0,0.0,4.0,0.0,0.0,0.0,0.0,0.0,0.0,0.0,0.0,0.0,2023-10-01
CA0JFJK,2247.862341,0.0,0.0,0.0,0.0,0.0,0.0,0.0,0.0,0.0,6.0,0.0,0.0,0.0,0.0,0.0,0.0,0.0,0.0,0.0,2023-11-01
CA0JFJK,2261.567797,0.0,0.0,0.0,0.0,0.0,0.0,0.0,0.0,0.0,6.0,0.0,0.0,0.0,0.0,0.0,0.0,0.0,0.0,0.0,2024-01-01
CA0JFJK,2228.617563,0.0,0.0,0.0,0.0,0.0,0.0,0.0,0.0,0.0,6.0,0.0,0.0,0.0,0.0,0.0,0.0,0.0,0.0,0.0,2024-02-01
CA0JFJK,2222.62,0.0,0.0,0.0,0.0,0.0,0.0,0.0,0.0,0.0,5.0,0.0,0.0,0.0,0.0,0.0,0.0,0.0,0.0,0.0,2024-03-01
CA0JFJK,2211.075772,0.0,0.0,0.0,0.0,0.0,0.0,0.0,0.0,0.0,5.0,0.0,0.0,0.0,0.0,0.0,0.0,0.0,0.0,0.0,2023-12-01
CA0NURK,3364.412999273001,-97.52000000000044,0.0,0.0,0.0,0.0,0.0,0.0,0.0,0.0,50.0,2.0,0.0,0.0,0.0,0.0,0.0,0.0,0.0,0.0,2023-10-01
CA0NURK,4967.271611,708.4431295999998,0.0,0.0,0.0,0.0,0.0,0.0,0.0,0.0,6.0,4.0,0.0,0.0,0.0,0.0,0.0,0.0,0.0,0.0,2023-11-01
CA0NURK,7661.403736828001,1791.3098356000014,0.0,0.0,0.0,0.0,0.0,0.0,0.0,0.0,52.0,4.0,0.0,0.0,0.0,0.0,0.0,0.0,0.0,0.0,2024-01-01
CA0NURK,9283.615850976,2061.746869600001,0.0,0.0,0.0,0.0,0.0,0.0,0.0,0.0,8.0,4.0,0.0,0.0,0.0,0.0,0.0,0.0,0.0,0.0,2024-02-01
CA0NURK,10488.20316729,1074.7753352000004,0.0,0.0,0.0,0.0,0.0,0.0,0.0,0.0,8.0,4.0,0.0,0.0,0.0,0.0,0.0,0.0,0.0,0.0,2024-03-01
CA0NURK,5937.518158,3075.178159599999,0.0,0.0,0.0,0.0,0.0,0.0,0.0,0.0,8.0,6.0,0.0,0.0,0.0,0.0,0.0,0.0,0.0,0.0,2023-12-01
CA0TTZK,11088.082550213,0.0,304.8538040000001,0.0,0.0,84798.91999999997,26795.64,0.0,0.0,0.0,14.0,0.0,3.0,0.0,0.0,7.0,13.0,0.0,0.0,0.0,2023-10-01
CA0TTZK,3986.599615000001,0.0,0.0,0.0,0.0,79448.52,26298.72,0.0,0.0,0.0,9.0,0.0,4.0,0.0,0.0,7.0,15.0,0.0,0.0,0.0,2023-11-01
CA0TTZK,6137.276764,0.0,321.1982329999996,0.0,0.0,79912.30999999998,2775.2000000000003,0.0,0.0,0.0,11.0,0.0,4.0,0.0,0.0,9.0,9.0,0.0,0.0,0.0,2024-01-01
CA0TTZK,92.47000600000058,0.0,72.14527600000008,0.0,0.0,81160.84,11832.930000000002,0.0,0.0,0.0,13.0,0.0,3.0,0.0,0.0,9.0,14.0,0.0,0.0,0.0,2024-02-01
CA0TTZK,5748.890223,0.0,389.8674729999998,0.0,0.0,80290.65000000002,11792.310000000003,0.0,0.0,0.0,11.0,0.0,4.0,0.0,0.0,6.0,15.0,0.0,0.0,0.0,2024-03-01
CA0TTZK,15862.078633,0.0,134.156522,0.0,0.0,81246.04000000001,15964.520000000002,0.0,0.0,0.0,11.0,0.0,4.0,0.0,0.0,9.0,15.0,0.0,0.0,0.0,2023-12-01
CA0VS8K,0.0,0.0,0.0,0.0,0.0,0.0,0.0,0.0,0.0,0.0,4.0,0.0,0.0,0.0,0.0,0.0,0.0,0.0,0.0,0.0,2023-10-01
CA0VS8K,0.0,0.0,0.0,0.0,0.0,0.0,0.0,0.0,0.0,0.0,4.0,0.0,0.0,0.0,0.0,0.0,0.0,0.0,0.0,0.0,2023-11-01
CA0VS8K,0.0,0.0,0.0,0.0,0.0,0.0,0.0,0.0,0.0,0.0,5.0,0.0,0.0,0.0,0.0,0.0,0.0,0.0,0.0,0.0,2024-01-01
CA0VS8K,0.0,0.0,0.0,0.0,0.0,0.0,0.0,0.0,0.0,0.0,5.0,0.0,0.0,0.0,0.0,0.0,0.0,0.0,0.0,0.0,2024-02-01
CA0VS8K,0.0,0.0,0.0,0.0,0.0,0.0,0.0,0.0,0.0,0.0,5.0,0.0,0.0,0.0,0.0,0.0,0.0,0.0,0.0,0.0,2023-12-01
CA0WQYK,2243.669,0.0,0.0,0.0,0.0,0.0,0.0,0.0,0.0,0.0,7.0,0.0,0.0,0.0,0.0,0.0,0.0,0.0,0.0,0.0,2023-10-01
CA0WQYK,2185.001322,0.0,0.0,0.0,0.0,0.0,0.0,0.0,0.0,0.0,7.0,0.0,0.0,0.0,0.0,0.0,0.0,0.0,0.0,0.0,2023-11-01
CA0WQYK,1978.154845,0.0,0.0,0.0,0.0,0.0,0.0,0.0,0.0,0.0,8.0,0.0,0.0,0.0,0.0,0.0,0.0,0.0,0.0,0.0,2024-01-01
CA0WQYK,1941.063491,0.0,0.0,0.0,0.0,0.0,0.0,0.0,0.0,0.0,7.0,0.0,0.0,0.0,0.0,0.0,0.0,0.0,0.0,0.0,2024-02-01
CA0WQYK,1947.383243,0.0,0.0,0.0,0.0,0.0,0.0,0.0,0.0,0.0,6.0,0.0,0.0,0.0,0.0,0.0,0.0,0.0,0.0,0.0,2024-03-01
CA0WQYK,2052.824872,0.0,0.0,0.0,0.0,0.0,0.0,0.0,0.0,0.0,8.0,0.0,0.0,0.0,0.0,0.0,0.0,0.0,0.0,0.0,2023-12-01
CA10K6K,1139.187008,511.9692,0.0,0.0,0.0,0.0,0.0,0.0,0.0,0.0,8.0,6.0,0.0,0.0,0.0,0.0,0.0,0.0,0.0,0.0,2023-10-01
CA10K6K,1445.926469,410.9101799999994,0.0,0.0,0.0,0.0,0.0,0.0,0.0,0.0,8.0,6.0,0.0,0.0,0.0,0.0,0.0,0.0,0.0,0.0,2023-11-01
CA10K6K,1100.306617,665.2403200000001,0.0,0.0,0.0,0.0,0.0,0.0,0.0,0.0,8.0,6.0,0.0,0.0,0.0,0.0,0.0,0.0,0.0,0.0,2024-01-01
CA10K6K,1332.6278299999997,605.2294600000006,0.0,0.0,0.0,0.0,0.0,0.0,0.0,0.0,8.0,6.0,0.0,0.0,0.0,0.0,0.0,0.0,0.0,0.0,2024-02-01
CA10K6K,1351.996461,640.5008200000004,0.0,0.0,0.0,0.0,0.0,0.0,0.0,0.0,8.0,6.0,0.0,0.0,0.0,0.0,0.0,0.0,0.0,0.0,2024-03-01
CA10K6K,1108.4535590000005,536.3817000000004,0.0,0.0,0.0,0.0,0.0,0.0,0.0,0.0,8.0,6.0,0.0,0.0,0.0,0.0,0.0,0.0,0.0,0.0,2023-12-01
CA13ZGK,7481.501769,0.0,0.0,0.0,0.0,0.0,0.0,0.0,0.0,0.0,7.0,0.0,0.0,0.0,0.0,0.0,0.0,0.0,0.0,0.0,2023-10-01
CA13ZGK,2572.100043,0.0,0.0,0.0,0.0,0.0,0.0,0.0,0.0,0.0,8.0,0.0,0.0,0.0,0.0,0.0,0.0,0.0,0.0,0.0,2023-11-01
CA13ZGK,5619.819509,0.0,0.0,0.0,0.0,0.0,0.0,0.0,0.0,0.0,8.0,0.0,0.0,0.0,0.0,0.0,0.0,0.0,0.0,0.0,2024-01-01
CA13ZGK,2882.722991,0.0,0.0,0.0,0.0,0.0,0.0,0.0,0.0,0.0,8.0,0.0,0.0,0.0,0.0,0.0,0.0,0.0,0.0,0.0,2024-02-01
CA13ZGK,1773.767478,0.0,0.0,0.0,0.0,0.0,0.0,0.0,0.0,0.0,7.0,0.0,0.0,0.0,0.0,0.0,0.0,0.0,0.0,0.0,2024-03-01
CA13ZGK,4902.522728999999,0.0,0.0,0.0,0.0,0.0,0.0,0.0,0.0,0.0,8.0,0.0,0.0,0.0,0.0,0.0,0.0,0.0,0.0,0.0,2023-12-01
CA1COLK,10530.194717,0.0,0.0,0.0,0.0,0.0,0.0,0.0,0.0,0.0,10.0,0.0,0.0,0.0,0.0,0.0,0.0,0.0,0.0,0.0,2023-10-01
CA1COLK,9407.836617,0.0,0.0,0.0,0.0,0.0,0.0,0.0,0.0,0.0,12.0,0.0,0.0,0.0,0.0,0.0,0.0,0.0,0.0,0.0,2023-11-01
CA1COLK,15649.726613,0.0,0.0,0.0,0.0,0.0,0.0,0.0,0.0,0.0,12.0,0.0,0.0,0.0,0.0,0.0,0.0,0.0,0.0,0.0,2024-01-01
CA1COLK,8337.736967,0.0,697.7669310000001,0.0,0.0,0.0,0.0,0.0,0.0,0.0,12.0,0.0,4.0,0.0,0.0,0.0,0.0,0.0,0.0,0.0,2024-02-01
CA1COLK,7312.339978,0.0,1116.3987909999996,0.0,0.0,0.0,0.0,0.0,0.0,0.0,10.0,0.0,4.0,0.0,0.0,0.0,0.0,0.0,0.0,0.0,2024-03-01
CA1COLK,10873.841495999995,0.0,0.0,0.0,0.0,0.0,0.0,0.0,0.0,0.0,14.0,0.0,0.0,0.0,0.0,0.0,0.0,0.0,0.0,0.0,2023-12-01
CA1FMSK,5.34,0.0,0.0,0.0,0.0,0.0,0.0,0.0,0.0,0.0,3.0,0.0,0.0,0.0,0.0,0.0,0.0,0.0,0.0,0.0,2023-10-01
CA1FMSK,3.99,0.0,0.0,0.0,0.0,0.0,0.0,0.0,0.0,0.0,3.0,0.0,0.0,0.0,0.0,0.0,0.0,0.0,0.0,0.0,2023-11-01
CA1FMSK,0.0,0.0,0.0,0.0,0.0,0.0,0.0,0.0,0.0,0.0,5.0,0.0,0.0,0.0,0.0,0.0,0.0,0.0,0.0,0.0,2024-01-01
CA1FMSK,-58.052067604,0.0,0.0,0.0,0.0,0.0,0.0,0.0,0.0,0.0,6.0,0.0,0.0,0.0,0.0,0.0,0.0,0.0,0.0,0.0,2024-02-01
CA1FMSK,0.0,0.0,0.0,0.0,0.0,0.0,0.0,0.0,0.0,0.0,2.0,0.0,0.0,0.0,0.0,0.0,0.0,0.0,0.0,0.0,2024-03-01
CA1FMSK,0.0,0.0,0.0,0.0,0.0,0.0,0.0,0.0,0.0,0.0,7.0,0.0,0.0,0.0,0.0,0.0,0.0,0.0,0.0,0.0,2023-12-01
CA1G5PK,229.454459,0.0,0.0,0.0,0.0,0.0,0.0,0.0,0.0,0.0,7.0,0.0,0.0,0.0,0.0,0.0,0.0,0.0,0.0,0.0,2023-10-01
CA1G5PK,229.284072,0.0,0.0,0.0,0.0,0.0,0.0,0.0,0.0,0.0,7.0,0.0,0.0,0.0,0.0,0.0,0.0,0.0,0.0,0.0,2023-11-01
CA1G5PK,0.0,0.0,0.0,0.0,0.0,0.0,0.0,0.0,0.0,0.0,2.0,0.0,0.0,0.0,0.0,0.0,0.0,0.0,0.0,0.0,2024-01-01
CA1G5PK,0.0,0.0,0.0,0.0,0.0,0.0,0.0,0.0,0.0,0.0,2.0,0.0,0.0,0.0,0.0,0.0,0.0,0.0,0.0,0.0,2024-02-01
CA1G5PK,428.429479,0.0,0.0,0.0,0.0,0.0,0.0,0.0,0.0,0.0,9.0,0.0,0.0,0.0,0.0,0.0,0.0,0.0,0.0,0.0,2023-12-01
CA1PPYK,25439.018243922004,0.0,0.0,-2.119126883,0.0,18913.961666666008,0.0,0.0,0.0,0.0,82.0,0.0,0.0,1.0,0.0,5.0,0.0,0.0,0.0,0.0,2023-10-01
CA1PPYK,27594.048028637,0.0,0.0,0.0,0.0,27365.611666667,0.0,0.0,0.0,0.0,24.0,0.0,0.0,0.0,0.0,5.0,0.0,0.0,0.0,0.0,2023-11-01
CA1PPYK,16248.003608619,0.0,0.0,-0.572933073,0.0,14096.120000000004,0.0,0.0,0.0,0.0,77.0,0.0,0.0,1.0,0.0,7.0,0.0,0.0,0.0,0.0,2024-01-01
CA1PPYK,13551.549003182,0.0,0.0,0.0,0.0,15018.32,0.0,0.0,0.0,0.0,29.0,0.0,0.0,0.0,0.0,8.0,0.0,0.0,0.0,0.0,2024-02-01
CA1PPYK,11003.156951361,0.0,0.0,0.0,0.0,14306.65,0.0,0.0,0.0,0.0,41.0,0.0,0.0,0.0,0.0,2.0,0.0,0.0,0.0,0.0,2024-03-01
CA1PPYK,25244.745554051005,0.0,0.0,1.139762428,0.0,12852.86,0.0,0.0,0.0,0.0,90.0,0.0,0.0,1.0,0.0,7.0,0.0,0.0,0.0,0.0,2023-12-01
CA1R9TK,6.02,0.0,0.0,0.0,0.0,0.0,0.0,0.0,0.0,0.0,1.0,0.0,0.0,0.0,0.0,0.0,0.0,0.0,0.0,0.0,2023-10-01
CA1R9TK,7.66,0.0,0.0,0.0,0.0,0.0,0.0,0.0,0.0,0.0,1.0,0.0,0.0,0.0,0.0,0.0,0.0,0.0,0.0,0.0,2023-11-01
CA1R9TK,8.45,0.0,0.0,0.0,0.0,0.0,0.0,0.0,0.0,0.0,2.0,0.0,0.0,0.0,0.0,0.0,0.0,0.0,0.0,0.0,2024-01-01
CA1R9TK,9.22,0.0,0.0,0.0,0.0,0.0,0.0,0.0,0.0,0.0,2.0,0.0,0.0,0.0,0.0,0.0,0.0,0.0,0.0,0.0,2024-02-01
CA1R9TK,11.852251,0.0,0.0,0.0,0.0,0.0,0.0,0.0,0.0,0.0,2.0,0.0,0.0,0.0,0.0,0.0,0.0,0.0,0.0,0.0,2024-03-01
CA1R9TK,8.19,0.0,0.0,0.0,0.0,0.0,0.0,0.0,0.0,0.0,2.0,0.0,0.0,0.0,0.0,0.0,0.0,0.0,0.0,0.0,2023-12-01
CA1U6OK,521.754929,0.0,0.0,0.0,0.0,0.0,0.0,0.0,0.0,0.0,6.0,0.0,0.0,0.0,0.0,0.0,0.0,0.0,0.0,0.0,2023-10-01
CA1U6OK,707.1011040000001,0.0,0.0,0.0,0.0,0.0,0.0,0.0,0.0,0.0,6.0,0.0,0.0,0.0,0.0,0.0,0.0,0.0,0.0,0.0,2023-11-01
CA1U6OK,690.583755,0.0,0.0,0.0,0.0,0.0,0.0,0.0,0.0,0.0,6.0,0.0,0.0,0.0,0.0,0.0,0.0,0.0,0.0,0.0,2024-01-01
CA1U6OK,729.056205,0.0,0.0,0.0,0.0,0.0,0.0,0.0,0.0,0.0,6.0,0.0,0.0,0.0,0.0,0.0,0.0,0.0,0.0,0.0,2024-02-01
CA1U6OK,441.680644,0.0,0.0,0.0,0.0,0.0,0.0,0.0,0.0,0.0,4.0,0.0,0.0,0.0,0.0,0.0,0.0,0.0,0.0,0.0,2024-03-01
CA1U6OK,651.723803,0.0,0.0,0.0,0.0,0.0,0.0,0.0,0.0,0.0,6.0,0.0,0.0,0.0,0.0,0.0,0.0,0.0,0.0,0.0,2023-12-01
CA1WXVK,10720.308124246,0.0,204.2939789999998,0.0,0.0,0.0,0.0,0.0,0.0,0.0,5.0,0.0,7.0,0.0,0.0,0.0,0.0,0.0,0.0,0.0,2023-10-01
CA1WXVK,15298.449066006,0.0,99.39609000000009,0.0,0.0,0.0,0.0,0.0,0.0,0.0,5.0,0.0,6.0,0.0,0.0,0.0,0.0,0.0,0.0,0.0,2023-11-01
CA1WXVK,30554.444129321004,0.0,639.4994649999999,0.0,0.0,0.0,0.0,0.0,0.0,0.0,9.0,0.0,7.0,0.0,0.0,0.0,0.0,0.0,0.0,0.0,2024-01-01
CA1WXVK,22445.430868793,0.0,2623.451807999998,0.0,0.0,0.0,0.0,0.0,0.0,0.0,10.0,0.0,10.0,0.0,0.0,0.0,0.0,0.0,0.0,0.0,2024-02-01
CA1WXVK,13913.42282459,0.0,0.0,0.0,0.0,0.0,0.0,0.0,0.0,0.0,8.0,0.0,0.0,0.0,0.0,0.0,0.0,0.0,0.0,0.0,2024-03-01
CA1WXVK,14111.57146285,0.0,84.66531599999996,0.0,0.0,0.0,0.0,0.0,0.0,0.0,8.0,0.0,5.0,0.0,0.0,0.0,0.0,0.0,0.0,0.0,2023-12-01
CA1YFEK,4961.070277000001,0.0,187.1003260000001,0.0,0.0,0.0,0.0,0.0,0.0,0.0,7.0,0.0,3.0,0.0,0.0,0.0,0.0,0.0,0.0,0.0,2023-10-01
CA1YFEK,5813.815259,0.0,0.0,0.0,0.0,0.0,0.0,0.0,0.0,0.0,7.0,0.0,4.0,0.0,0.0,0.0,0.0,0.0,0.0,0.0,2023-11-01
CA1YFEK,4467.219281,0.0,8.62,0.0,0.0,0.0,0.0,0.0,0.0,0.0,7.0,0.0,1.0,0.0,0.0,0.0,0.0,0.0,0.0,0.0,2024-01-01
CA1YFEK,3308.532066,0.0,0.0,0.0,0.0,0.0,0.0,0.0,0.0,0.0,8.0,0.0,0.0,0.0,0.0,0.0,0.0,0.0,0.0,0.0,2024-02-01
CA1YFEK,2851.073301,0.0,0.0,0.0,0.0,0.0,0.0,0.0,0.0,0.0,5.0,0.0,0.0,0.0,0.0,0.0,0.0,0.0,0.0,0.0,2024-03-01
CA1YFEK,2652.721655,0.0,0.0,0.0,0.0,0.0,0.0,0.0,0.0,0.0,8.0,0.0,0.0,0.0,0.0,0.0,0.0,0.0,0.0,0.0,2023-12-01
CA27Y0K,8244.550293,0.0,0.0,0.0,0.0,0.0,0.0,0.0,0.0,0.0,12.0,0.0,0.0,0.0,0.0,0.0,0.0,0.0,0.0,0.0,2023-10-01
CA27Y0K,33795.580658000006,0.0,0.0,0.0,0.0,0.0,0.0,0.0,0.0,0.0,10.0,0.0,0.0,0.0,0.0,0.0,0.0,0.0,0.0,0.0,2023-11-01
CA27Y0K,16081.367953,0.0,0.0,0.0,0.0,0.0,0.0,0.0,0.0,0.0,11.0,0.0,0.0,0.0,0.0,0.0,0.0,0.0,0.0,0.0,2024-01-01
CA27Y0K,3182.455186,0.0,0.0,0.0,0.0,0.0,0.0,357.74,0.0,0.0,12.0,0.0,0.0,0.0,0.0,0.0,0.0,3.0,0.0,0.0,2024-02-01
CA27Y0K,6557.948093,0.0,0.0,0.0,0.0,0.0,0.0,733.2018280740001,0.0,0.0,6.0,0.0,0.0,0.0,0.0,0.0,0.0,4.0,0.0,0.0,2024-03-01
CA27Y0K,60403.22417,0.0,0.0,0.0,0.0,0.0,0.0,0.0,0.0,0.0,11.0,0.0,0.0,0.0,0.0,0.0,0.0,0.0,0.0,0.0,2023-12-01
CA2DAZK,485.823229083,0.0,0.0,0.0,0.0,0.0,0.0,0.0,0.0,0.0,10.0,0.0,0.0,0.0,0.0,0.0,0.0,0.0,0.0,0.0,2023-10-01
CA2DAZK,303.819178726,0.0,0.0,0.0,0.0,0.0,0.0,0.0,0.0,0.0,11.0,0.0,0.0,0.0,0.0,0.0,0.0,0.0,0.0,0.0,2023-11-01
CA2DAZK,359.921806109,0.0,0.0,0.0,0.0,0.0,0.0,0.0,0.0,0.0,11.0,0.0,0.0,0.0,0.0,0.0,0.0,0.0,0.0,0.0,2024-01-01
CA2DAZK,444.37710296,0.0,0.0,0.0,0.0,0.0,0.0,0.0,0.0,0.0,11.0,0.0,0.0,0.0,0.0,0.0,0.0,0.0,0.0,0.0,2024-02-01
CA2DAZK,292.56534079700003,0.0,0.0,0.0,0.0,0.0,0.0,0.0,0.0,0.0,13.0,0.0,0.0,0.0,0.0,0.0,0.0,0.0,0.0,0.0,2024-03-01
CA2DAZK,396.600914436,0.0,0.0,0.0,0.0,0.0,0.0,0.0,0.0,0.0,12.0,0.0,0.0,0.0,0.0,0.0,0.0,0.0,0.0,0.0,2023-12-01
CA2JEEK,2830.7486710000003,-6.503575999999157,0.0,0.0,-10.079999999999986,0.0,161.29,0.0,0.0,0.0,7.0,4.0,0.0,0.0,3.0,0.0,3.0,0.0,0.0,0.0,2023-10-01
CA2JEEK,2983.409131,-1020.1631080000024,0.0,0.0,25.613000000000007,0.0,228.86,0.0,0.0,0.0,7.0,4.0,0.0,0.0,6.0,0.0,3.0,0.0,0.0,0.0,2023-11-01
CA2JEEK,2553.276252000001,347.959555999998,0.0,0.0,68.6958,0.0,62.98000000000002,0.0,0.0,0.0,6.0,4.0,0.0,0.0,6.0,0.0,3.0,0.0,0.0,0.0,2024-01-01
CA2JEEK,4126.507063,516.5464640000005,0.0,0.0,13.159199999999991,0.0,62.19000000000011,0.0,0.0,0.0,7.0,4.0,0.0,0.0,6.0,0.0,3.0,0.0,0.0,0.0,2024-02-01
CA2JEEK,2126.701997,1295.579975999999,0.0,0.0,167.258548,0.0,132.65999999999997,0.0,0.0,0.0,6.0,4.0,0.0,0.0,6.0,0.0,3.0,0.0,0.0,0.0,2024-03-01
CA2JEEK,2501.5816269999987,987.5818880000006,0.0,0.0,107.31059999999994,0.0,119.16000000000008,0.0,0.0,0.0,6.0,4.0,0.0,0.0,6.0,0.0,3.0,0.0,0.0,0.0,2023-12-01
CA2M7QK,2080.63,0.0,0.0,0.0,0.0,0.0,0.0,0.0,0.0,0.0,6.0,0.0,0.0,0.0,0.0,0.0,0.0,0.0,0.0,0.0,2023-10-01
CA2M7QK,2436.41,0.0,0.0,0.0,0.0,0.0,0.0,0.0,0.0,0.0,6.0,0.0,0.0,0.0,0.0,0.0,0.0,0.0,0.0,0.0,2023-11-01
CA2M7QK,6056.09,0.0,0.0,0.0,0.0,0.0,0.0,0.0,0.0,0.0,7.0,0.0,0.0,0.0,0.0,0.0,0.0,0.0,0.0,0.0,2024-01-01
CA2M7QK,5821.83,0.0,0.0,0.0,0.0,0.0,0.0,0.0,0.0,0.0,5.0,0.0,0.0,0.0,0.0,0.0,0.0,0.0,0.0,0.0,2024-02-01
CA2M7QK,7433.84,0.0,0.0,0.0,0.0,0.0,0.0,0.0,0.0,0.0,4.0,0.0,0.0,0.0,0.0,0.0,0.0,0.0,0.0,0.0,2024-03-01
CA2M7QK,2238.25,0.0,0.0,0.0,0.0,0.0,0.0,0.0,0.0,0.0,6.0,0.0,0.0,0.0,0.0,0.0,0.0,0.0,0.0,0.0,2023-12-01
CA2NCJK,84940.93416907098,0.0,3158.0923919999987,0.0,0.0,23612.08000000001,-378.15,0.0,0.0,0.0,23.0,0.0,5.0,0.0,0.0,6.0,1.0,0.0,0.0,0.0,2023-10-01
CA2NCJK,86874.29101871,0.0,11261.876102000002,0.0,0.0,-8495.859999999986,-280.56,0.0,0.0,0.0,23.0,0.0,18.0,0.0,0.0,5.0,1.0,0.0,0.0,0.0,2023-11-01
CA2NCJK,115681.483956142,0.0,5314.6176300000025,0.0,0.0,30350.19,0.0,0.0,0.0,0.0,27.0,0.0,18.0,0.0,0.0,7.0,0.0,0.0,0.0,0.0,2024-01-01
CA2NCJK,94111.972454601,0.0,0.0,0.0,0.0,52182.68000000001,0.0,0.0,0.0,0.0,24.0,0.0,0.0,0.0,0.0,8.0,0.0,0.0,0.0,0.0,2024-02-01
CA2NCJK,120207.6904725,0.0,2474.674834999998,0.0,0.0,42738.46000000001,0.0,0.0,0.0,0.0,27.0,0.0,3.0,0.0,0.0,3.0,0.0,0.0,0.0,0.0,2024-03-01
CA2NCJK,70592.079990042,0.0,10690.147392,0.0,0.0,6718.449999999983,0.0,0.0,0.0,0.0,25.0,0.0,10.0,0.0,0.0,10.0,0.0,0.0,0.0,0.0,2023-12-01
CA32VLK,1004.278478,0.0,0.0,0.0,0.0,0.0,0.0,0.0,0.0,0.0,5.0,0.0,0.0,0.0,0.0,0.0,0.0,0.0,0.0,0.0,2023-10-01
CA32VLK,2539.245907,0.0,0.0,0.0,0.0,0.0,0.0,0.0,0.0,0.0,6.0,0.0,0.0,0.0,0.0,0.0,0.0,0.0,0.0,0.0,2023-11-01
CA32VLK,2150.18,0.0,0.0,0.0,0.0,0.0,0.0,0.0,0.0,0.0,6.0,0.0,0.0,0.0,0.0,0.0,0.0,0.0,0.0,0.0,2024-01-01
CA32VLK,1862.404684,0.0,0.0,0.0,0.0,0.0,0.0,0.0,0.0,0.0,7.0,0.0,0.0,0.0,0.0,0.0,0.0,0.0,0.0,0.0,2024-02-01
CA32VLK,991.79,0.0,0.0,0.0,0.0,0.0,0.0,0.0,0.0,0.0,4.0,0.0,0.0,0.0,0.0,0.0,0.0,0.0,0.0,0.0,2024-03-01
CA32VLK,1343.925314,0.0,0.0,0.0,0.0,0.0,0.0,0.0,0.0,0.0,6.0,0.0,0.0,0.0,0.0,0.0,0.0,0.0,0.0,0.0,2023-12-01
CA335ZK,2892.4730139999992,0.0,0.0,0.0,0.0,0.0,0.0,0.0,0.0,0.0,10.0,0.0,0.0,0.0,0.0,0.0,0.0,0.0,0.0,0.0,2023-10-01
CA335ZK,2996.2829410000004,0.0,0.0,0.0,0.0,0.0,0.0,0.0,0.0,0.0,14.0,0.0,0.0,0.0,0.0,0.0,0.0,0.0,0.0,0.0,2023-11-01
CA335ZK,2206.940688,0.0,0.0,0.0,0.0,0.0,0.0,0.0,0.0,0.0,12.0,0.0,0.0,0.0,0.0,0.0,0.0,0.0,0.0,0.0,2024-01-01
CA335ZK,2674.976285,0.0,0.0,0.0,0.0,0.0,0.0,0.0,0.0,0.0,14.0,0.0,0.0,0.0,0.0,0.0,0.0,0.0,0.0,0.0,2024-02-01
CA335ZK,3378.765913,0.0,0.0,0.0,0.0,0.0,0.0,0.0,0.0,0.0,13.0,0.0,0.0,0.0,0.0,0.0,0.0,0.0,0.0,0.0,2024-03-01
CA335ZK,4019.466418,0.0,0.0,0.0,0.0,0.0,0.0,0.0,0.0,0.0,12.0,0.0,0.0,0.0,0.0,0.0,0.0,0.0,0.0,0.0,2023-12-01
CA33BMK,429.589511,0.0,0.0,0.0,0.0,0.0,0.0,0.0,0.0,0.0,7.0,0.0,0.0,0.0,0.0,0.0,0.0,0.0,0.0,0.0,2023-10-01
CA33BMK,653.494994,0.0,0.0,0.0,0.0,0.0,0.0,0.0,0.0,0.0,7.0,0.0,0.0,0.0,0.0,0.0,0.0,0.0,0.0,0.0,2023-11-01
CA33BMK,2144.007888,0.0,0.0,0.0,0.0,0.0,0.0,0.0,0.0,0.0,7.0,0.0,0.0,0.0,0.0,0.0,0.0,0.0,0.0,0.0,2024-01-01
CA33BMK,2781.101171,0.0,0.0,0.0,0.0,0.0,0.0,0.0,0.0,0.0,7.0,0.0,0.0,0.0,0.0,0.0,0.0,0.0,0.0,0.0,2024-02-01
CA33BMK,383.952757,0.0,0.0,0.0,0.0,0.0,0.0,0.0,0.0,0.0,7.0,0.0,0.0,0.0,0.0,0.0,0.0,0.0,0.0,0.0,2024-03-01
CA33BMK,600.141689,0.0,0.0,0.0,0.0,0.0,0.0,0.0,0.0,0.0,7.0,0.0,0.0,0.0,0.0,0.0,0.0,0.0,0.0,0.0,2023-12-01
CA3503K,2.29,0.0,0.0,0.0,0.0,0.0,0.0,0.0,0.0,0.0,2.0,0.0,0.0,0.0,0.0,0.0,0.0,0.0,0.0,0.0,2023-10-01
CA3503K,0.5900000000000001,0.0,0.0,0.0,0.0,0.0,0.0,0.0,0.0,0.0,2.0,0.0,0.0,0.0,0.0,0.0,0.0,0.0,0.0,0.0,2023-11-01
CA3503K,0.6000000000000001,0.0,0.0,0.0,0.0,0.0,0.0,0.0,0.0,0.0,4.0,0.0,0.0,0.0,0.0,0.0,0.0,0.0,0.0,0.0,2024-01-01
CA3503K,0.6499999999999999,0.0,0.0,0.0,0.0,0.0,0.0,0.0,0.0,0.0,4.0,0.0,0.0,0.0,0.0,0.0,0.0,0.0,0.0,0.0,2024-02-01
CA3503K,0.7300000000000001,0.0,0.0,0.0,0.0,0.0,0.0,0.0,0.0,0.0,2.0,0.0,0.0,0.0,0.0,0.0,0.0,0.0,0.0,0.0,2024-03-01
CA3503K,0.61,0.0,0.0,0.0,0.0,0.0,0.0,0.0,0.0,0.0,4.0,0.0,0.0,0.0,0.0,0.0,0.0,0.0,0.0,0.0,2023-12-01
CA35EAK,1430.0496389999998,3714.160080000001,0.0,0.0,0.0,0.0,0.0,0.0,0.0,0.0,5.0,6.0,0.0,0.0,0.0,0.0,0.0,0.0,0.0,0.0,2023-10-01
CA35EAK,1588.920038,2959.5832000000005,0.0,0.0,0.0,0.0,0.0,0.0,0.0,0.0,5.0,6.0,0.0,0.0,0.0,0.0,0.0,0.0,0.0,0.0,2023-11-01
CA35EAK,1496.811466,3120.80488,0.0,0.0,0.0,0.0,0.0,0.0,0.0,0.0,6.0,6.0,0.0,0.0,0.0,0.0,0.0,0.0,0.0,0.0,2024-01-01
CA35EAK,1336.694821,3094.9813199999994,0.0,0.0,0.0,0.0,0.0,0.0,0.0,0.0,6.0,6.0,0.0,0.0,0.0,0.0,0.0,0.0,0.0,0.0,2024-02-01
CA35EAK,1853.850486,3344.9017200000008,0.0,0.0,0.0,0.0,0.0,0.0,0.0,0.0,5.0,6.0,0.0,0.0,0.0,0.0,0.0,0.0,0.0,0.0,2024-03-01
CA35EAK,1291.4279519999998,2381.15516,0.0,0.0,0.0,0.0,0.0,0.0,0.0,0.0,5.0,6.0,0.0,0.0,0.0,0.0,0.0,0.0,0.0,0.0,2023-12-01
CA35XUK,28.093681,0.0,0.0,0.0,0.0,0.0,0.0,0.0,0.0,0.0,5.0,0.0,0.0,0.0,0.0,0.0,0.0,0.0,0.0,0.0,2023-10-01
CA35XUK,68.426303,0.0,0.0,0.0,0.0,0.0,0.0,0.0,0.0,0.0,5.0,0.0,0.0,0.0,0.0,0.0,0.0,0.0,0.0,0.0,2023-11-01
CA35XUK,96.478785,0.0,0.0,0.0,0.0,0.0,0.0,0.0,0.0,0.0,6.0,0.0,0.0,0.0,0.0,0.0,0.0,0.0,0.0,0.0,2024-01-01
CA35XUK,52.456383,0.0,0.0,0.0,0.0,0.0,0.0,0.0,0.0,0.0,6.0,0.0,0.0,0.0,0.0,0.0,0.0,0.0,0.0,0.0,2024-02-01
CA35XUK,36.093216000000005,0.0,0.0,0.0,0.0,0.0,0.0,0.0,0.0,0.0,5.0,0.0,0.0,0.0,0.0,0.0,0.0,0.0,0.0,0.0,2024-03-01
CA35XUK,66.738337,0.0,0.0,0.0,0.0,0.0,0.0,0.0,0.0,0.0,6.0,0.0,0.0,0.0,0.0,0.0,0.0,0.0,0.0,0.0,2023-12-01
CA3691K,0.0,0.0,0.0,0.0,0.0,0.0,0.0,0.0,0.0,0.0,0.0,0.0,0.0,0.0,0.0,0.0,0.0,0.0,0.0,0.0,2023-10-01
CA3691K,0.0,0.0,0.0,0.0,0.0,0.0,0.0,0.0,0.0,0.0,0.0,0.0,0.0,0.0,0.0,0.0,0.0,0.0,0.0,0.0,2023-11-01
CA3691K,0.0,0.0,0.0,0.0,0.0,0.0,0.0,0.0,0.0,0.0,0.0,0.0,0.0,0.0,0.0,0.0,0.0,0.0,0.0,0.0,2024-01-01
CA3691K,0.0,0.0,0.0,0.0,0.0,0.0,0.0,0.0,0.0,0.0,0.0,0.0,0.0,0.0,0.0,0.0,0.0,0.0,0.0,0.0,2024-02-01
CA3691K,0.0,0.0,0.0,0.0,0.0,0.0,0.0,0.0,0.0,0.0,0.0,0.0,0.0,0.0,0.0,0.0,0.0,0.0,0.0,0.0,2024-03-01
CA3691K,0.0,0.0,0.0,0.0,0.0,0.0,0.0,0.0,0.0,0.0,0.0,0.0,0.0,0.0,0.0,0.0,0.0,0.0,0.0,0.0,2023-12-01
CA39EQK,16436.4879276,0.0,0.0,0.0,0.0,0.0,0.0,0.0,0.0,0.0,18.0,0.0,0.0,0.0,0.0,0.0,0.0,0.0,0.0,0.0,2023-10-01
CA39EQK,5469.8433028,0.0,0.0,0.0,0.0,0.0,0.0,0.0,0.0,0.0,15.0,0.0,0.0,0.0,0.0,0.0,0.0,0.0,0.0,0.0,2023-11-01
CA39EQK,12026.526476449,0.0,0.13,0.0,0.0,0.0,0.0,0.0,0.0,0.0,20.0,0.0,1.0,1.0,0.0,0.0,0.0,0.0,0.0,0.0,2024-01-01
CA39EQK,17106.722428750003,0.0,0.0,0.0,0.0,0.0,0.0,0.0,0.0,0.0,21.0,0.0,0.0,1.0,0.0,0.0,0.0,0.0,0.0,0.0,2024-02-01
CA39EQK,8890.086804321001,0.0,0.0,0.0,0.0,0.0,0.0,0.0,0.0,0.0,17.0,0.0,0.0,0.0,0.0,0.0,0.0,0.0,0.0,0.0,2024-03-01
CA39EQK,10461.94380791,0.0,0.0,0.0,0.0,0.0,0.0,0.0,0.0,0.0,21.0,0.0,0.0,1.0,0.0,0.0,0.0,0.0,0.0,0.0,2023-12-01
CA3AC4K,3110.157386,0.0,0.0,0.0,0.0,0.0,0.0,0.0,0.0,0.0,8.0,0.0,0.0,0.0,0.0,0.0,0.0,0.0,0.0,0.0,2023-10-01
CA3AC4K,3630.365483,0.0,0.0,0.0,0.0,0.0,0.0,0.0,0.0,0.0,9.0,0.0,0.0,0.0,0.0,0.0,0.0,0.0,0.0,0.0,2023-11-01
CA3AC4K,1618.096619,0.0,0.0,0.0,0.0,0.0,0.0,0.0,0.0,0.0,7.0,0.0,0.0,0.0,0.0,0.0,0.0,0.0,0.0,0.0,2024-01-01
CA3AC4K,18855.222668,0.0,0.0,0.0,0.0,0.0,0.0,0.0,0.0,0.0,10.0,0.0,0.0,0.0,0.0,0.0,0.0,0.0,0.0,0.0,2024-02-01
CA3AC4K,399.725839,0.0,0.0,0.0,0.0,0.0,0.0,0.0,0.0,0.0,6.0,0.0,0.0,0.0,0.0,0.0,0.0,0.0,0.0,0.0,2024-03-01
CA3AC4K,17910.134121,0.0,0.0,0.0,0.0,0.0,0.0,0.0,0.0,0.0,9.0,0.0,0.0,0.0,0.0,0.0,0.0,0.0,0.0,0.0,2023-12-01
CA3BCJK,45.748423,0.0,0.0,0.0,0.0,0.0,0.0,0.0,0.0,0.0,3.0,0.0,0.0,0.0,0.0,0.0,0.0,0.0,0.0,0.0,2023-10-01
CA3BCJK,46.948128,0.0,0.0,0.0,0.0,0.0,0.0,0.0,0.0,0.0,3.0,0.0,0.0,0.0,0.0,0.0,0.0,0.0,0.0,0.0,2023-11-01
CA3BCJK,48.218081000000005,0.0,0.0,0.0,0.0,0.0,0.0,0.0,0.0,0.0,3.0,0.0,0.0,0.0,0.0,0.0,0.0,0.0,0.0,0.0,2024-01-01
CA3BCJK,50.917074,0.0,0.0,0.0,0.0,0.0,0.0,0.0,0.0,0.0,3.0,0.0,0.0,0.0,0.0,0.0,0.0,0.0,0.0,0.0,2024-02-01
CA3BCJK,57.897744,0.0,0.0,0.0,0.0,0.0,0.0,0.0,0.0,0.0,3.0,0.0,0.0,0.0,0.0,0.0,0.0,0.0,0.0,0.0,2024-03-01
CA3BCJK,48.938376,0.0,0.0,0.0,0.0,0.0,0.0,0.0,0.0,0.0,3.0,0.0,0.0,0.0,0.0,0.0,0.0,0.0,0.0,0.0,2023-12-01
CA3DN9K,713.17,0.0,0.0,0.0,0.0,0.0,0.0,0.0,0.0,0.0,7.0,0.0,0.0,0.0,0.0,0.0,0.0,0.0,0.0,0.0,2023-10-01
CA3DN9K,0.0,0.0,0.0,0.0,0.0,0.0,0.0,0.0,0.0,0.0,2.0,0.0,0.0,0.0,0.0,0.0,0.0,0.0,0.0,0.0,2023-11-01
CA3DN9K,0.0,0.0,0.0,0.0,0.0,0.0,0.0,0.0,0.0,0.0,5.0,0.0,0.0,0.0,0.0,0.0,0.0,0.0,0.0,0.0,2024-01-01
CA3DN9K,0.0,0.0,0.0,0.0,0.0,0.0,0.0,0.0,0.0,0.0,5.0,0.0,0.0,0.0,0.0,0.0,0.0,0.0,0.0,0.0,2024-02-01
CA3DN9K,0.0,0.0,0.0,0.0,0.0,0.0,0.0,0.0,0.0,0.0,8.0,0.0,0.0,0.0,0.0,0.0,0.0,0.0,0.0,0.0,2023-12-01
CA3MHFK,24252.578380000003,0.0,0.0,0.0,0.0,0.0,0.0,0.0,0.0,0.0,6.0,0.0,0.0,0.0,0.0,0.0,0.0,0.0,0.0,0.0,2023-10-01
CA3MHFK,23761.782478,0.0,0.0,0.0,0.0,0.0,0.0,0.0,0.0,0.0,6.0,0.0,0.0,0.0,0.0,0.0,0.0,0.0,0.0,0.0,2023-11-01
CA3MHFK,23211.829904,0.0,0.0,0.0,0.0,0.0,0.0,0.0,0.0,0.0,6.0,0.0,0.0,0.0,0.0,0.0,0.0,0.0,0.0,0.0,2024-01-01
CA3MHFK,30650.654306,0.0,0.0,0.0,0.0,0.0,0.0,0.0,0.0,0.0,6.0,0.0,0.0,0.0,0.0,0.0,0.0,0.0,0.0,0.0,2024-02-01
CA3MHFK,10773.487337,0.0,0.0,0.0,0.0,0.0,0.0,0.0,0.0,0.0,6.0,0.0,0.0,0.0,0.0,0.0,0.0,0.0,0.0,0.0,2024-03-01
CA3MHFK,22254.99358,0.0,0.0,0.0,0.0,0.0,0.0,0.0,0.0,0.0,9.0,0.0,0.0,0.0,0.0,0.0,0.0,0.0,0.0,0.0,2023-12-01
CA3SGQK,1499.1058570000002,115.21110000000044,0.0,0.0,0.0,0.0,0.0,0.0,0.0,0.0,8.0,4.0,0.0,0.0,0.0,0.0,0.0,0.0,0.0,0.0,2023-10-01
CA3SGQK,2921.067065,-678.7571000000007,0.0,0.0,0.0,0.0,0.0,0.0,0.0,0.0,8.0,4.0,0.0,0.0,0.0,0.0,0.0,0.0,0.0,0.0,2023-11-01
CA3SGQK,2042.195681,-137.09753999999975,0.0,0.0,0.0,0.0,0.0,0.0,0.0,0.0,8.0,4.0,0.0,0.0,0.0,0.0,0.0,0.0,0.0,0.0,2024-01-01
CA3SGQK,1718.0268600000004,306.7237799999993,0.0,0.0,0.0,0.0,0.0,0.0,0.0,0.0,8.0,4.0,0.0,0.0,0.0,0.0,0.0,0.0,0.0,0.0,2024-02-01
CA3SGQK,926.6301669999998,35.8292399999998,0.0,0.0,0.0,0.0,0.0,0.0,0.0,0.0,8.0,4.0,0.0,0.0,0.0,0.0,0.0,0.0,0.0,0.0,2024-03-01
CA3SGQK,2175.370742,-169.10360000000037,0.0,0.0,0.0,0.0,0.0,0.0,0.0,0.0,8.0,4.0,0.0,0.0,0.0,0.0,0.0,0.0,0.0,0.0,2023-12-01
CA3VFIK,1270.0,0.0,0.0,0.0,0.0,0.0,0.0,0.0,0.0,0.0,7.0,0.0,0.0,0.0,0.0,0.0,0.0,0.0,0.0,0.0,2023-10-01
CA3VFIK,1448.5824739999998,0.0,0.0,0.0,0.0,0.0,0.0,0.0,0.0,0.0,6.0,0.0,0.0,0.0,0.0,0.0,0.0,0.0,0.0,0.0,2023-11-01
CA3VFIK,1395.454134,0.0,0.0,0.0,0.0,0.0,0.0,0.0,0.0,0.0,8.0,0.0,0.0,0.0,0.0,0.0,0.0,0.0,0.0,0.0,2024-01-01
CA3VFIK,1453.427297,0.0,0.0,0.0,0.0,0.0,0.0,0.0,0.0,0.0,8.0,0.0,0.0,0.0,0.0,0.0,0.0,0.0,0.0,0.0,2024-02-01
CA3VFIK,751.796335,0.0,0.0,0.0,0.0,0.0,0.0,0.0,0.0,0.0,6.0,0.0,0.0,0.0,0.0,0.0,0.0,0.0,0.0,0.0,2024-03-01
CA3VFIK,1804.608144,0.0,0.0,0.0,0.0,0.0,0.0,0.0,0.0,0.0,8.0,0.0,0.0,0.0,0.0,0.0,0.0,0.0,0.0,0.0,2023-12-01
CA3YEHK,1144.109722,0.0,0.0,0.0,0.0,0.0,0.0,0.0,0.0,0.0,9.0,0.0,0.0,0.0,0.0,0.0,0.0,0.0,0.0,0.0,2023-10-01
CA3YEHK,881.7609140000001,0.0,0.0,0.0,0.0,0.0,0.0,0.0,0.0,0.0,9.0,0.0,0.0,0.0,0.0,0.0,0.0,0.0,0.0,0.0,2023-11-01
CA3YEHK,1043.443119,0.0,0.0,0.0,0.0,0.0,0.0,0.0,0.0,0.0,9.0,0.0,0.0,0.0,0.0,0.0,0.0,0.0,0.0,0.0,2024-01-01
CA3YEHK,759.923987,0.0,0.0,0.0,0.0,0.0,0.0,0.0,0.0,0.0,9.0,0.0,0.0,0.0,0.0,0.0,0.0,0.0,0.0,0.0,2024-02-01
CA3YEHK,672.062079,0.0,0.0,0.0,0.0,0.0,0.0,0.0,0.0,0.0,9.0,0.0,0.0,0.0,0.0,0.0,0.0,0.0,0.0,0.0,2024-03-01
CA3YEHK,2098.883951,0.0,0.0,0.0,0.0,0.0,0.0,0.0,0.0,0.0,9.0,0.0,0.0,0.0,0.0,0.0,0.0,0.0,0.0,0.0,2023-12-01
CA44LCK,8836.30046,-341.97499999999945,0.0,0.0,0.0,0.0,0.0,0.0,0.0,0.0,8.0,4.0,0.0,0.0,0.0,0.0,0.0,0.0,0.0,0.0,2023-10-01
CA44LCK,4476.393344,-1888.447000000001,0.0,0.0,0.0,0.0,0.0,0.0,0.0,0.0,8.0,4.0,0.0,0.0,0.0,0.0,0.0,0.0,0.0,0.0,2023-11-01
CA44LCK,9959.051937000002,-70.89500000000044,0.0,0.0,0.0,0.0,0.0,0.0,0.0,0.0,8.0,4.0,0.0,0.0,0.0,0.0,0.0,0.0,0.0,0.0,2024-01-01
CA44LCK,17237.238138,463.7995800000026,0.0,0.0,0.0,0.0,0.0,0.0,0.0,0.0,8.0,4.0,0.0,0.0,0.0,0.0,0.0,0.0,0.0,0.0,2024-02-01
CA44LCK,15929.872707,-241.60979999999967,0.0,0.0,0.0,0.0,0.0,0.0,0.0,0.0,8.0,4.0,0.0,0.0,0.0,0.0,0.0,0.0,0.0,0.0,2024-03-01
CA44LCK,10877.621786,-320.08699999999953,0.0,0.0,0.0,0.0,0.0,0.0,0.0,0.0,8.0,4.0,0.0,0.0,0.0,0.0,0.0,0.0,0.0,0.0,2023-12-01
CA450ZK,109.72,0.0,0.0,0.0,0.0,0.0,0.0,0.0,0.0,0.0,1.0,0.0,0.0,0.0,0.0,0.0,0.0,0.0,0.0,0.0,2023-10-01
CA450ZK,115.63,0.0,0.0,0.0,0.0,0.0,0.0,0.0,0.0,0.0,1.0,0.0,0.0,0.0,0.0,0.0,0.0,0.0,0.0,0.0,2023-11-01
CA450ZK,123.14,0.0,0.0,0.0,0.0,0.0,0.0,0.0,0.0,0.0,2.0,0.0,0.0,0.0,0.0,0.0,0.0,0.0,0.0,0.0,2024-01-01
CA450ZK,132.36,0.0,0.0,0.0,0.0,0.0,0.0,0.0,0.0,0.0,2.0,0.0,0.0,0.0,0.0,0.0,0.0,0.0,0.0,0.0,2024-02-01
CA450ZK,198.23,0.0,0.0,0.0,0.0,0.0,0.0,0.0,0.0,0.0,1.0,0.0,0.0,0.0,0.0,0.0,0.0,0.0,0.0,0.0,2024-03-01
CA450ZK,120.12,0.0,0.0,0.0,0.0,0.0,0.0,0.0,0.0,0.0,2.0,0.0,0.0,0.0,0.0,0.0,0.0,0.0,0.0,0.0,2023-12-01
CA45HBK,1332.613519,0.0,0.0,0.0,0.0,0.0,0.0,0.0,0.0,0.0,5.0,0.0,0.0,0.0,0.0,0.0,0.0,0.0,0.0,0.0,2023-10-01
CA45HBK,3419.5833909759995,0.0,0.0,0.0,0.0,0.0,0.0,0.0,0.0,0.0,6.0,0.0,0.0,0.0,0.0,0.0,0.0,0.0,0.0,0.0,2023-11-01
CA45HBK,2723.425102,0.0,0.0,0.0,0.0,0.0,0.0,0.0,0.0,0.0,7.0,0.0,0.0,0.0,0.0,0.0,0.0,0.0,0.0,0.0,2024-01-01
CA45HBK,1887.671822926,0.0,0.0,0.0,0.0,0.0,0.0,0.0,0.0,0.0,8.0,0.0,0.0,0.0,0.0,0.0,0.0,0.0,0.0,0.0,2024-02-01
CA45HBK,2749.9065490000003,0.0,0.0,0.0,0.0,0.0,0.0,0.0,0.0,0.0,5.0,0.0,0.0,0.0,0.0,0.0,0.0,0.0,0.0,0.0,2024-03-01
CA45HBK,5049.234750651,0.0,0.0,1.139762428,0.0,0.0,0.0,0.0,0.0,0.0,77.0,0.0,0.0,1.0,0.0,0.0,0.0,0.0,0.0,0.0,2023-12-01
CA45VYK,8383.537521,0.0,0.0,0.0,0.0,0.0,0.0,0.0,0.0,0.0,11.0,0.0,0.0,0.0,0.0,0.0,0.0,0.0,0.0,0.0,2023-10-01
CA45VYK,9030.054981,0.0,0.0,0.0,0.0,0.0,0.0,0.0,0.0,0.0,13.0,0.0,0.0,0.0,0.0,0.0,0.0,0.0,0.0,0.0,2023-11-01
CA45VYK,31798.260653,0.0,0.0,0.0,0.0,0.0,0.0,0.0,0.0,0.0,23.0,0.0,0.0,0.0,0.0,0.0,0.0,0.0,0.0,0.0,2024-01-01
CA45VYK,33402.503988000004,0.0,0.0,0.0,0.0,0.0,0.0,0.0,0.0,0.0,23.0,0.0,0.0,0.0,0.0,0.0,0.0,0.0,0.0,0.0,2024-02-01
CA45VYK,14709.470678,0.0,0.0,0.0,0.0,0.0,0.0,0.0,0.0,0.0,16.0,0.0,0.0,0.0,0.0,0.0,0.0,0.0,0.0,0.0,2024-03-01
CA45VYK,32393.134138400004,0.0,0.0,0.0,0.0,0.0,0.0,0.0,0.0,0.0,21.0,0.0,0.0,0.0,0.0,0.0,0.0,0.0,0.0,0.0,2023-12-01
CA4B0YK,393.21,0.0,0.0,0.0,0.0,0.0,0.0,0.0,0.0,0.0,6.0,0.0,0.0,0.0,0.0,0.0,0.0,0.0,0.0,0.0,2023-10-01
CA4B0YK,106.59,0.0,0.0,0.0,0.0,0.0,0.0,0.0,0.0,0.0,5.0,0.0,0.0,0.0,0.0,0.0,0.0,0.0,0.0,0.0,2023-11-01
CA4B0YK,299.1,0.0,0.0,0.0,0.0,0.0,0.0,0.0,0.0,0.0,5.0,0.0,0.0,0.0,0.0,0.0,0.0,0.0,0.0,0.0,2024-01-01
CA4B0YK,297.05,0.0,0.0,0.0,0.0,0.0,0.0,0.0,0.0,0.0,6.0,0.0,0.0,0.0,0.0,0.0,0.0,0.0,0.0,0.0,2024-02-01
CA4B0YK,297.09000000000003,0.0,0.0,0.0,0.0,0.0,0.0,0.0,0.0,0.0,6.0,0.0,0.0,0.0,0.0,0.0,0.0,0.0,0.0,0.0,2024-03-01
CA4B0YK,488.84,0.0,0.0,0.0,0.0,0.0,0.0,0.0,0.0,0.0,6.0,0.0,0.0,0.0,0.0,0.0,0.0,0.0,0.0,0.0,2023-12-01
CA4CISK,906.910394,0.0,0.0,0.0,0.0,0.0,0.0,0.0,0.0,0.0,5.0,0.0,0.0,0.0,0.0,0.0,0.0,0.0,0.0,0.0,2023-10-01
CA4CISK,761.2066289999999,0.0,0.0,0.0,0.0,0.0,0.0,0.0,0.0,0.0,3.0,0.0,0.0,0.0,0.0,0.0,0.0,0.0,0.0,0.0,2023-11-01
CA4CISK,796.696855,0.0,0.0,0.0,0.0,0.0,0.0,0.0,0.0,0.0,4.0,0.0,0.0,0.0,0.0,0.0,0.0,0.0,0.0,0.0,2024-01-01
CA4CISK,829.910426,0.0,0.0,0.0,0.0,0.0,0.0,0.0,0.0,0.0,4.0,0.0,0.0,0.0,0.0,0.0,0.0,0.0,0.0,0.0,2024-02-01
CA4CISK,776.169112,0.0,0.0,0.0,0.0,0.0,0.0,0.0,0.0,0.0,3.0,0.0,0.0,0.0,0.0,0.0,0.0,0.0,0.0,0.0,2024-03-01
CA4CISK,739.7448049999999,0.0,0.0,0.0,0.0,0.0,0.0,0.0,0.0,0.0,4.0,0.0,0.0,0.0,0.0,0.0,0.0,0.0,0.0,0.0,2023-12-01
CA4CNJK,104.623478,0.0,0.0,0.0,0.0,0.0,0.0,0.0,0.0,0.0,7.0,0.0,0.0,0.0,0.0,0.0,0.0,0.0,0.0,0.0,2023-10-01
CA4CNJK,69.28392,0.0,0.0,0.0,0.0,0.0,0.0,0.0,0.0,0.0,7.0,0.0,0.0,0.0,0.0,0.0,0.0,0.0,0.0,0.0,2023-11-01
CA4CNJK,344.788007,0.0,0.0,0.0,0.0,0.0,0.0,0.0,0.0,0.0,7.0,0.0,0.0,0.0,0.0,0.0,0.0,0.0,0.0,0.0,2024-01-01
CA4CNJK,667.9136669999999,0.0,0.0,0.0,0.0,0.0,0.0,0.0,0.0,0.0,7.0,0.0,0.0,0.0,0.0,0.0,0.0,0.0,0.0,0.0,2024-02-01
CA4CNJK,183.97751,0.0,0.0,0.0,0.0,0.0,0.0,0.0,0.0,0.0,8.0,0.0,0.0,0.0,0.0,0.0,0.0,0.0,0.0,0.0,2024-03-01
CA4CNJK,1427.072158,0.0,0.0,0.0,0.0,0.0,0.0,0.0,0.0,0.0,7.0,0.0,0.0,0.0,0.0,0.0,0.0,0.0,0.0,0.0,2023-12-01
CA4HKIK,7595.262205,0.0,5590.312854,0.0,0.0,0.0,0.0,0.0,0.0,0.0,3.0,0.0,33.0,0.0,0.0,0.0,0.0,0.0,0.0,0.0,2023-10-01
CA4HKIK,2120.694512,0.0,24671.28941100001,0.0,0.0,0.0,0.0,0.0,0.0,0.0,3.0,0.0,66.0,0.0,0.0,0.0,0.0,0.0,0.0,0.0,2023-11-01
CA4HKIK,7404720.592616,0.0,94868.09088300008,0.0,0.0,0.0,0.0,0.0,0.0,0.0,4.0,0.0,110.0,0.0,0.0,0.0,0.0,0.0,0.0,0.0,2024-01-01
CA4HKIK,-5472572.759313,0.0,20959.408138000028,0.0,0.0,0.0,0.0,0.0,0.0,0.0,4.0,0.0,54.0,0.0,0.0,0.0,0.0,0.0,0.0,0.0,2024-02-01
CA4HKIK,6776.165333000001,0.0,2515.5992600000027,0.0,0.0,0.0,0.0,0.0,0.0,0.0,4.0,0.0,29.0,0.0,0.0,0.0,0.0,0.0,0.0,0.0,2024-03-01
CA4HKIK,401845.270454,0.0,23485.42157799995,0.0,0.0,0.0,0.0,0.0,0.0,0.0,4.0,0.0,64.0,0.0,0.0,0.0,0.0,0.0,0.0,0.0,2023-12-01
CA4TVXK,1299.4270579999998,-282.8726600000009,0.0,0.0,0.0,0.0,0.0,0.0,0.0,0.0,6.0,4.0,0.0,0.0,0.0,0.0,0.0,0.0,0.0,0.0,2023-10-01
CA4TVXK,1597.5738269999997,-31.28039999999873,0.0,0.0,0.0,0.0,0.0,0.0,0.0,0.0,7.0,4.0,0.0,0.0,0.0,0.0,0.0,0.0,0.0,0.0,2023-11-01
CA4TVXK,2470.1711350000005,-2358.812099999999,0.0,0.0,0.0,0.0,0.0,0.0,0.0,0.0,6.0,4.0,0.0,0.0,0.0,0.0,0.0,0.0,0.0,0.0,2024-01-01
CA4TVXK,1376.257454,-899.1103799999995,0.0,0.0,0.0,0.0,0.0,0.0,0.0,0.0,7.0,4.0,0.0,0.0,0.0,0.0,0.0,0.0,0.0,0.0,2024-02-01
CA4TVXK,1984.411393,-588.8178399999997,0.0,0.0,0.0,0.0,0.0,0.0,0.0,0.0,7.0,4.0,0.0,0.0,0.0,0.0,0.0,0.0,0.0,0.0,2024-03-01
CA4TVXK,2997.3317840000004,104.81883999999992,0.0,0.0,0.0,0.0,0.0,0.0,0.0,0.0,6.0,4.0,0.0,0.0,0.0,0.0,0.0,0.0,0.0,0.0,2023-12-01
CA4TZZK,2449.8495522460003,0.0,0.0,0.0,0.0,0.0,4143.05,0.0,5482.230000000001,0.0,11.0,0.0,0.0,0.0,0.0,0.0,9.0,0.0,3.0,0.0,2023-10-01
CA4TZZK,5523.104071004,0.0,0.0,0.0,0.0,0.0,4881.3,0.0,5331.04,0.0,12.0,0.0,0.0,0.0,0.0,0.0,16.0,0.0,5.0,0.0,2023-11-01
CA4TZZK,3608.144205,0.0,0.0,0.0,0.0,15047.79,3851.150000000001,0.0,4767.669999999999,0.0,12.0,0.0,0.0,0.0,0.0,4.0,9.0,0.0,3.0,0.0,2024-01-01
CA4TZZK,4078.722097396,0.0,0.0,0.0,0.0,35541.500000000015,3939.120000000001,0.0,4751.61,0.0,12.0,0.0,0.0,0.0,0.0,5.0,7.0,0.0,3.0,0.0,2024-02-01
CA4TZZK,2360.2869517950003,0.0,0.0,0.0,0.0,14311.540000000005,3905.449999999999,0.0,4545.05,0.0,9.0,0.0,0.0,0.0,0.0,3.0,7.0,0.0,3.0,0.0,2024-03-01
CA4TZZK,27312.47021285,0.0,0.0,0.0,0.0,31485.49,3503.680000000001,0.0,5121.950000000001,0.0,13.0,0.0,0.0,0.0,0.0,3.0,13.0,0.0,3.0,0.0,2023-12-01
CA4V7ZK,849.008469,1033.1558,0.0,0.0,0.0,0.0,0.0,0.0,0.0,0.0,9.0,6.0,0.0,0.0,0.0,0.0,0.0,0.0,0.0,0.0,2023-10-01
CA4V7ZK,887.2121530000002,951.5502,0.0,0.0,0.0,0.0,0.0,0.0,0.0,0.0,9.0,6.0,0.0,0.0,0.0,0.0,0.0,0.0,0.0,0.0,2023-11-01
CA4V7ZK,729.245796,1077.8274,0.0,0.0,0.0,0.0,0.0,0.0,0.0,0.0,13.0,6.0,0.0,0.0,0.0,0.0,0.0,0.0,0.0,0.0,2024-01-01
CA4V7ZK,598.0466329999999,831.7579999999999,0.0,0.0,0.0,0.0,0.0,0.0,0.0,0.0,10.0,6.0,0.0,0.0,0.0,0.0,0.0,0.0,0.0,0.0,2024-02-01
CA4V7ZK,758.8117560000001,923.566,0.0,0.0,0.0,0.0,0.0,0.0,0.0,0.0,9.0,6.0,0.0,0.0,0.0,0.0,0.0,0.0,0.0,0.0,2024-03-01
CA4V7ZK,449.31065,970.052,0.0,0.0,0.0,0.0,0.0,0.0,0.0,0.0,12.0,5.0,0.0,0.0,0.0,0.0,0.0,0.0,0.0,0.0,2023-12-01
CA4W5UK,4978.270539999999,0.0,0.0,0.0,0.0,0.0,0.0,0.0,0.0,0.0,11.0,0.0,0.0,0.0,0.0,0.0,0.0,0.0,0.0,0.0,2023-10-01
CA4W5UK,30545.002548,0.0,0.0,0.0,0.0,0.0,0.0,0.0,0.0,0.0,11.0,0.0,0.0,0.0,0.0,0.0,0.0,0.0,0.0,0.0,2023-11-01
CA4W5UK,35861.70407100001,0.0,0.0,0.0,0.0,0.0,0.0,0.0,0.0,0.0,12.0,0.0,0.0,0.0,0.0,0.0,0.0,0.0,0.0,0.0,2024-01-01
CA4W5UK,2642.9292070000006,0.0,0.0,0.0,0.0,0.0,0.0,0.0,0.0,0.0,11.0,0.0,0.0,0.0,0.0,0.0,0.0,0.0,0.0,0.0,2024-02-01
CA4W5UK,1937.431247,0.0,0.0,0.0,0.0,0.0,0.0,0.0,0.0,0.0,9.0,0.0,0.0,0.0,0.0,0.0,0.0,0.0,0.0,0.0,2024-03-01
CA4W5UK,8992.967912999999,0.0,0.0,0.0,0.0,0.0,0.0,0.0,0.0,0.0,12.0,0.0,0.0,0.0,0.0,0.0,0.0,0.0,0.0,0.0,2023-12-01
CA4XUVK,17988.535868,0.0,0.0,0.0,0.0,0.0,0.0,7026.108465267001,0.0,0.0,5.0,0.0,0.0,0.0,0.0,0.0,0.0,3.0,0.0,0.0,2023-10-01
CA4XUVK,18397.825578,0.0,0.0,0.0,0.0,0.0,0.0,8708.989159935,0.0,0.0,5.0,0.0,0.0,0.0,0.0,0.0,0.0,4.0,0.0,0.0,2023-11-01
CA4XUVK,18056.528586,0.0,0.0,0.0,0.0,0.0,0.0,8852.189159935,0.0,0.0,6.0,0.0,0.0,0.0,0.0,0.0,0.0,4.0,0.0,0.0,2024-01-01
CA4XUVK,17953.069647,0.0,0.0,0.0,0.0,0.0,0.0,9061.798465267,0.0,0.0,6.0,0.0,0.0,0.0,0.0,0.0,0.0,4.0,0.0,0.0,2024-02-01
CA4XUVK,20030.863342,0.0,0.0,0.0,0.0,0.0,0.0,8975.048465267,0.0,0.0,5.0,0.0,0.0,0.0,0.0,0.0,0.0,4.0,0.0,0.0,2024-03-01
CA4XUVK,19330.215429,0.0,0.0,0.0,0.0,0.0,0.0,8998.098465267,0.0,0.0,7.0,0.0,0.0,0.0,0.0,0.0,0.0,4.0,0.0,0.0,2023-12-01
CA52T5K,4696.570901,0.0,0.0,0.0,0.0,0.0,0.0,1345.07,0.0,0.0,10.0,0.0,0.0,0.0,0.0,0.0,0.0,6.0,0.0,0.0,2023-10-01
CA52T5K,4537.375357,0.0,0.0,0.0,0.0,0.0,0.0,1421.69,0.0,0.0,9.0,0.0,0.0,0.0,0.0,0.0,0.0,9.0,0.0,0.0,2023-11-01
CA52T5K,8905.937685828001,0.0,0.0,0.0,0.0,0.0,0.0,7432.82,0.0,0.0,56.0,0.0,0.0,0.0,0.0,0.0,0.0,12.0,0.0,0.0,2024-01-01
CA52T5K,10127.267416976,0.0,0.0,0.0,0.0,0.0,0.0,14720.569999999998,0.0,0.0,14.0,0.0,0.0,0.0,0.0,0.0,0.0,12.0,0.0,0.0,2024-02-01
CA52T5K,5635.919188,0.0,0.0,0.0,0.0,0.0,0.0,14548.54,0.0,0.0,9.0,0.0,0.0,0.0,0.0,0.0,0.0,12.0,0.0,0.0,2024-03-01
CA52T5K,4402.552046,0.0,0.0,0.0,0.0,0.0,0.0,89.2300000000001,0.0,0.0,11.0,0.0,0.0,0.0,0.0,0.0,0.0,12.0,0.0,0.0,2023-12-01
CA53FRK,13053.818963246002,0.0,0.0,0.0,0.0,0.0,-78.46,0.0,0.0,0.0,5.0,0.0,0.0,0.0,0.0,0.0,1.0,0.0,0.0,0.0,2023-10-01
CA53FRK,13657.430378004,0.0,0.0,0.0,0.0,0.0,-75.93,0.0,0.0,0.0,5.0,0.0,0.0,0.0,0.0,0.0,1.0,0.0,0.0,0.0,2023-11-01
CA53FRK,6207.046262000001,0.0,0.0,0.0,0.0,0.0,2056.44,0.0,0.0,0.0,4.0,0.0,0.0,0.0,0.0,0.0,5.0,0.0,0.0,0.0,2024-01-01
CA53FRK,7509.587693396001,0.0,0.0,0.0,0.0,0.0,-78.24,0.0,0.0,0.0,7.0,0.0,0.0,0.0,0.0,0.0,1.0,0.0,0.0,0.0,2024-02-01
CA53FRK,10594.43681,0.0,0.0,0.0,0.0,0.0,-78.24,0.0,0.0,0.0,4.0,0.0,0.0,0.0,0.0,0.0,1.0,0.0,0.0,0.0,2024-03-01
CA53FRK,8192.573523925003,0.0,0.0,0.0,0.0,0.0,800.7400000000001,0.0,0.0,0.0,6.0,0.0,0.0,0.0,0.0,0.0,5.0,0.0,0.0,0.0,2023-12-01
CA53NBK,4133.32,0.0,0.0,0.0,0.0,0.0,0.0,0.0,0.0,0.0,4.0,0.0,0.0,0.0,0.0,0.0,0.0,0.0,0.0,0.0,2023-10-01
CA53NBK,4899.21,0.0,0.0,0.0,0.0,0.0,0.0,0.0,0.0,0.0,4.0,0.0,0.0,0.0,0.0,0.0,0.0,0.0,0.0,0.0,2023-11-01
CA53NBK,14351.79,0.0,0.0,0.0,0.0,0.0,0.0,0.0,0.0,0.0,5.0,0.0,0.0,0.0,0.0,0.0,0.0,0.0,0.0,0.0,2024-01-01
CA53NBK,9875.95,0.0,0.0,0.0,0.0,0.0,0.0,0.0,0.0,0.0,6.0,0.0,0.0,0.0,0.0,0.0,0.0,0.0,0.0,0.0,2024-02-01
CA53NBK,5955.78,0.0,0.0,0.0,0.0,0.0,0.0,0.0,0.0,0.0,6.0,0.0,0.0,0.0,0.0,0.0,0.0,0.0,0.0,0.0,2024-03-01
CA53NBK,12433.07,0.0,0.0,0.0,0.0,0.0,0.0,0.0,0.0,0.0,5.0,0.0,0.0,0.0,0.0,0.0,0.0,0.0,0.0,0.0,2023-12-01
CA53XJK,459.689925,0.0,0.0,0.0,0.0,0.0,0.0,0.0,0.0,0.0,12.0,0.0,0.0,0.0,0.0,0.0,0.0,0.0,0.0,0.0,2023-10-01
CA53XJK,792.68,0.0,0.0,0.0,0.0,0.0,0.0,0.0,0.0,0.0,12.0,0.0,0.0,0.0,0.0,0.0,0.0,0.0,0.0,0.0,2023-11-01
CA53XJK,1214.942179,0.0,0.0,0.0,0.0,0.0,0.0,0.0,0.0,0.0,12.0,0.0,0.0,0.0,0.0,0.0,0.0,0.0,0.0,0.0,2024-01-01
CA53XJK,7782.365854,0.0,0.0,0.0,0.0,0.0,0.0,0.0,0.0,0.0,12.0,0.0,0.0,0.0,0.0,0.0,0.0,0.0,0.0,0.0,2024-02-01
CA53XJK,2484.162941,0.0,0.0,0.0,0.0,0.0,0.0,0.0,0.0,0.0,11.0,0.0,0.0,0.0,0.0,0.0,0.0,0.0,0.0,0.0,2024-03-01
CA53XJK,694.429116,0.0,0.0,0.0,0.0,0.0,0.0,0.0,0.0,0.0,12.0,0.0,0.0,0.0,0.0,0.0,0.0,0.0,0.0,0.0,2023-12-01
CA547ZK,46317.496153,0.0,4131.026194999999,0.0,0.0,0.0,0.0,0.0,0.0,0.0,8.0,0.0,7.0,0.0,0.0,0.0,0.0,0.0,0.0,0.0,2023-10-01
CA547ZK,35824.42193606999,0.0,3157.362397999996,0.0,0.0,0.0,0.0,0.0,0.0,0.0,10.0,0.0,10.0,0.0,0.0,0.0,0.0,0.0,0.0,0.0,2023-11-01
CA547ZK,24481.293342000004,0.0,7477.6668999999965,0.0,0.0,0.0,0.0,0.0,0.0,0.0,10.0,0.0,10.0,0.0,0.0,0.0,0.0,0.0,0.0,0.0,2024-01-01
CA547ZK,38847.739811,0.0,6976.221823999993,0.0,0.0,0.0,0.0,0.0,0.0,0.0,10.0,0.0,10.0,0.0,0.0,0.0,0.0,0.0,0.0,0.0,2024-02-01
CA547ZK,58141.979104679,0.0,8998.623296999998,0.0,0.0,0.0,0.0,0.0,0.0,0.0,10.0,0.0,10.0,0.0,0.0,0.0,0.0,0.0,0.0,0.0,2024-03-01
CA547ZK,12989.018937,0.0,9909.220325000002,0.0,0.0,0.0,0.0,0.0,0.0,0.0,12.0,0.0,13.0,0.0,0.0,0.0,0.0,0.0,0.0,0.0,2023-12-01
CA588PK,13.10087,0.0,0.0,0.0,0.0,0.0,0.0,0.0,0.0,0.0,2.0,0.0,0.0,0.0,0.0,0.0,0.0,0.0,0.0,0.0,2023-10-01
CA588PK,13.868261,0.0,0.0,0.0,0.0,0.0,0.0,0.0,0.0,0.0,2.0,0.0,0.0,0.0,0.0,0.0,0.0,0.0,0.0,0.0,2023-11-01
CA588PK,14.977011,0.0,0.0,0.0,0.0,0.0,0.0,0.0,0.0,0.0,3.0,0.0,0.0,0.0,0.0,0.0,0.0,0.0,0.0,0.0,2023-12-01
CA5BMEK,9.68,0.0,0.0,0.0,0.0,0.0,0.0,0.0,0.0,0.0,4.0,0.0,0.0,0.0,0.0,0.0,0.0,0.0,0.0,0.0,2023-10-01
CA5BMEK,9.91,0.0,0.0,0.0,0.0,0.0,0.0,0.0,0.0,0.0,2.0,0.0,0.0,0.0,0.0,0.0,0.0,0.0,0.0,0.0,2023-11-01
CA5BMEK,0.0,0.0,0.0,0.0,0.0,0.0,0.0,0.0,0.0,0.0,2.0,0.0,0.0,0.0,0.0,0.0,0.0,0.0,0.0,0.0,2024-01-01
CA5BMEK,0.0,0.0,0.0,0.0,0.0,0.0,0.0,0.0,0.0,0.0,2.0,0.0,0.0,0.0,0.0,0.0,0.0,0.0,0.0,0.0,2024-02-01
CA5BMEK,10.339999999999998,0.0,0.0,0.0,0.0,0.0,0.0,0.0,0.0,0.0,5.0,0.0,0.0,0.0,0.0,0.0,0.0,0.0,0.0,0.0,2023-12-01
CA5F32K,32445.445476054,0.0,8562.205134999982,0.0,0.0,0.0,0.0,0.0,0.0,0.0,11.0,0.0,140.0,0.0,0.0,0.0,0.0,0.0,0.0,0.0,2023-10-01
CA5F32K,29877.077872625,0.0,19379.23486500002,0.0,0.0,0.0,0.0,0.0,0.0,0.0,12.0,0.0,138.0,0.0,0.0,0.0,0.0,0.0,0.0,0.0,2023-11-01
CA5F32K,39383.505743316,0.0,11843.693142000004,0.0,0.0,0.0,0.0,0.0,0.0,0.0,11.0,0.0,129.0,0.0,0.0,0.0,0.0,0.0,0.0,0.0,2024-01-01
CA5F32K,62047.118116584,0.0,13051.056658500049,0.0,0.0,0.0,0.0,0.0,0.0,0.0,12.0,0.0,145.0,0.0,0.0,0.0,0.0,0.0,0.0,0.0,2024-02-01
CA5F32K,56768.822470605,0.0,12307.153241499967,0.0,0.0,0.0,0.0,0.0,0.0,0.0,12.0,0.0,109.0,0.0,0.0,0.0,0.0,0.0,0.0,0.0,2024-03-01
CA5F32K,43221.374360625,0.0,15243.062136000051,0.0,0.0,0.0,0.0,0.0,0.0,0.0,12.0,0.0,130.0,0.0,0.0,0.0,0.0,0.0,0.0,0.0,2023-12-01
CA5OAPK,4183.730148723,0.0,0.0,0.0,0.0,0.0,0.0,0.0,0.0,0.0,9.0,0.0,0.0,0.0,0.0,0.0,0.0,0.0,0.0,0.0,2023-10-01
CA5OAPK,5794.534774247,0.0,0.0,0.0,0.0,0.0,0.0,0.0,0.0,0.0,9.0,0.0,0.0,0.0,0.0,0.0,0.0,0.0,0.0,0.0,2023-11-01
CA5OAPK,4138.851936,0.0,0.0,0.0,0.0,0.0,0.0,0.0,0.0,0.0,9.0,0.0,0.0,0.0,0.0,0.0,0.0,0.0,0.0,0.0,2024-01-01
CA5OAPK,4568.826409994,0.0,0.0,0.0,0.0,0.0,0.0,0.0,0.0,0.0,10.0,0.0,0.0,0.0,0.0,0.0,0.0,0.0,0.0,0.0,2024-02-01
CA5OAPK,6219.264450299001,0.0,0.0,0.0,0.0,0.0,0.0,0.0,0.0,0.0,11.0,0.0,0.0,0.0,0.0,0.0,0.0,0.0,0.0,0.0,2024-03-01
CA5OAPK,4005.924854919,0.0,0.0,0.0,0.0,0.0,0.0,0.0,0.0,0.0,10.0,0.0,0.0,0.0,0.0,0.0,0.0,0.0,0.0,0.0,2023-12-01
CA5SE2K,14041.839911,0.0,0.0,0.0,0.0,0.0,0.0,0.0,0.0,0.0,8.0,0.0,0.0,0.0,0.0,0.0,0.0,0.0,0.0,0.0,2023-10-01
CA5SE2K,16128.468824,0.0,0.0,0.0,0.0,0.0,0.0,0.0,0.0,0.0,8.0,0.0,0.0,0.0,0.0,0.0,0.0,0.0,0.0,0.0,2023-11-01
CA5SE2K,18902.323755,0.0,0.0,0.0,0.0,0.0,0.0,0.0,0.0,0.0,8.0,0.0,0.0,0.0,0.0,0.0,0.0,0.0,0.0,0.0,2024-01-01
CA5SE2K,19520.562924,0.0,0.0,0.0,0.0,0.0,0.0,0.0,0.0,0.0,8.0,0.0,0.0,0.0,0.0,0.0,0.0,0.0,0.0,0.0,2024-02-01
CA5SE2K,19999.035395,0.0,0.0,0.0,0.0,0.0,0.0,0.0,0.0,0.0,8.0,0.0,0.0,0.0,0.0,0.0,0.0,0.0,0.0,0.0,2024-03-01
CA5SE2K,17436.533462,0.0,0.0,0.0,0.0,0.0,0.0,0.0,0.0,0.0,8.0,0.0,0.0,0.0,0.0,0.0,0.0,0.0,0.0,0.0,2023-12-01
CA5XVYK,3161.356688,0.0,0.0,0.0,0.0,0.0,0.0,0.0,0.0,0.0,10.0,0.0,0.0,0.0,0.0,0.0,0.0,0.0,0.0,0.0,2023-10-01
CA5XVYK,2715.005515,0.0,0.0,0.0,0.0,0.0,0.0,0.0,0.0,0.0,8.0,0.0,0.0,0.0,0.0,0.0,0.0,0.0,0.0,0.0,2023-11-01
CA5XVYK,5524.367439,0.0,0.0,0.0,0.0,0.0,0.0,0.0,0.0,0.0,12.0,0.0,0.0,0.0,0.0,0.0,0.0,0.0,0.0,0.0,2024-01-01
CA5XVYK,5772.269179999999,0.0,0.0,0.0,0.0,0.0,0.0,0.0,0.0,0.0,12.0,0.0,0.0,0.0,0.0,0.0,0.0,0.0,0.0,0.0,2024-02-01
CA5XVYK,6898.852589,0.0,0.0,0.0,0.0,0.0,0.0,0.0,0.0,0.0,8.0,0.0,0.0,0.0,0.0,0.0,0.0,0.0,0.0,0.0,2024-03-01
CA5XVYK,5512.3920020000005,0.0,0.0,0.0,0.0,0.0,0.0,0.0,0.0,0.0,12.0,0.0,0.0,0.0,0.0,0.0,0.0,0.0,0.0,0.0,2023-12-01
CA6152K,491.31,0.0,0.0,0.0,0.0,0.0,0.0,0.0,0.0,0.0,10.0,0.0,0.0,0.0,0.0,0.0,0.0,0.0,0.0,0.0,2023-10-01
CA6152K,1512.089244,0.0,0.0,0.0,0.0,0.0,0.0,0.0,0.0,0.0,10.0,0.0,0.0,0.0,0.0,0.0,0.0,0.0,0.0,0.0,2023-11-01
CA6152K,0.0,0.0,0.0,0.0,0.0,0.0,0.0,0.0,0.0,0.0,5.0,0.0,0.0,0.0,0.0,0.0,0.0,0.0,0.0,0.0,2024-01-01
CA6152K,0.0,0.0,0.0,0.0,0.0,0.0,0.0,0.0,0.0,0.0,5.0,0.0,0.0,0.0,0.0,0.0,0.0,0.0,0.0,0.0,2024-02-01
CA6152K,0.0,0.0,0.0,0.0,0.0,0.0,0.0,0.0,0.0,0.0,5.0,0.0,0.0,0.0,0.0,0.0,0.0,0.0,0.0,0.0,2024-03-01
CA6152K,0.0,0.0,0.0,0.0,0.0,0.0,0.0,0.0,0.0,0.0,5.0,0.0,0.0,0.0,0.0,0.0,0.0,0.0,0.0,0.0,2023-12-01
CA66BBK,4327.064698,0.0,0.0,0.0,415.695710036,0.0,0.0,0.0,0.0,0.0,10.0,0.0,0.0,0.0,5.0,0.0,0.0,0.0,0.0,0.0,2023-10-01
CA66BBK,265.67999999999995,0.0,0.0,0.0,0.0,0.0,0.0,0.0,0.0,0.0,9.0,0.0,0.0,0.0,0.0,0.0,0.0,0.0,0.0,0.0,2023-11-01
CA66BBK,37.51,0.0,0.0,0.0,0.0,0.0,0.0,0.0,0.0,0.0,6.0,0.0,0.0,0.0,0.0,0.0,0.0,0.0,0.0,0.0,2024-01-01
CA66BBK,35019.69964,0.0,0.0,0.0,0.0,0.0,0.0,0.0,0.0,0.0,10.0,0.0,0.0,0.0,0.0,0.0,0.0,0.0,0.0,0.0,2024-02-01
CA66BBK,0.0,0.0,0.0,0.0,0.0,0.0,0.0,0.0,0.0,0.0,3.0,0.0,0.0,0.0,0.0,0.0,0.0,0.0,0.0,0.0,2024-03-01
CA66BBK,1921.020786,0.0,0.0,0.0,935.511308557001,0.0,0.0,0.0,0.0,0.0,10.0,0.0,0.0,0.0,5.0,0.0,0.0,0.0,0.0,0.0,2023-12-01
CA66LKK,0.0,0.0,0.0,0.0,0.0,0.0,0.0,0.0,0.0,0.0,2.0,0.0,0.0,0.0,0.0,0.0,0.0,0.0,0.0,0.0,2024-01-01
CA66LKK,0.0,0.0,0.0,0.0,0.0,0.0,0.0,0.0,0.0,0.0,2.0,0.0,0.0,0.0,0.0,0.0,0.0,0.0,0.0,0.0,2024-02-01
CA66LKK,0.0,0.0,0.0,0.0,0.0,0.0,0.0,0.0,0.0,0.0,2.0,0.0,0.0,0.0,0.0,0.0,0.0,0.0,0.0,0.0,2023-12-01
CA6CFEK,50528.039352197,0.0,0.0,0.0,0.0,0.0,0.0,0.0,0.0,0.0,13.0,0.0,0.0,0.0,0.0,0.0,0.0,0.0,0.0,0.0,2023-10-01
CA6CFEK,2370.000881,0.0,0.0,0.0,0.0,0.0,0.0,0.0,0.0,0.0,8.0,0.0,0.0,0.0,0.0,0.0,0.0,0.0,0.0,0.0,2023-11-01
CA6CFEK,517.2296190000001,0.0,0.0,0.0,0.0,0.0,0.0,0.0,0.0,0.0,9.0,0.0,0.0,0.0,0.0,0.0,0.0,0.0,0.0,0.0,2024-01-01
CA6CFEK,140.29252400000004,0.0,0.0,0.0,0.0,0.0,0.0,0.0,0.0,0.0,10.0,0.0,0.0,0.0,0.0,0.0,0.0,0.0,0.0,0.0,2024-02-01
CA6CFEK,60277.99,0.0,0.0,0.0,0.0,0.0,0.0,0.0,0.0,0.0,9.0,0.0,0.0,0.0,0.0,0.0,0.0,0.0,0.0,0.0,2024-03-01
CA6CFEK,-69.45282681399999,0.0,0.0,0.0,0.0,0.0,0.0,0.0,0.0,0.0,6.0,0.0,0.0,0.0,0.0,0.0,0.0,0.0,0.0,0.0,2023-12-01
CA6GGFK,0.0,0.0,0.0,0.0,0.0,0.0,0.0,0.0,0.0,0.0,2.0,0.0,0.0,0.0,0.0,0.0,0.0,0.0,0.0,0.0,2023-10-01
CA6GGFK,0.0,0.0,0.0,0.0,0.0,0.0,0.0,0.0,0.0,0.0,2.0,0.0,0.0,0.0,0.0,0.0,0.0,0.0,0.0,0.0,2023-11-01
CA6GGFK,0.0,0.0,0.0,0.0,0.0,0.0,0.0,0.0,0.0,0.0,3.0,0.0,0.0,0.0,0.0,0.0,0.0,0.0,0.0,0.0,2024-01-01
CA6GGFK,0.0,0.0,0.0,0.0,0.0,0.0,0.0,0.0,0.0,0.0,3.0,0.0,0.0,0.0,0.0,0.0,0.0,0.0,0.0,0.0,2024-02-01
CA6GGFK,0.0,0.0,0.0,0.0,0.0,0.0,0.0,0.0,0.0,0.0,2.0,0.0,0.0,0.0,0.0,0.0,0.0,0.0,0.0,0.0,2024-03-01
CA6GGFK,0.0,0.0,0.0,0.0,0.0,0.0,0.0,0.0,0.0,0.0,3.0,0.0,0.0,0.0,0.0,0.0,0.0,0.0,0.0,0.0,2023-12-01
CA6LVYK,986.189093,0.0,0.0,0.0,0.0,0.0,0.0,0.0,0.0,0.0,4.0,0.0,0.0,0.0,0.0,0.0,0.0,0.0,0.0,0.0,2023-10-01
CA6LVYK,957.442826,0.0,0.0,0.0,0.0,0.0,0.0,0.0,0.0,0.0,4.0,0.0,0.0,0.0,0.0,0.0,0.0,0.0,0.0,0.0,2023-11-01
CA6LVYK,0.0,0.0,0.0,0.0,0.0,0.0,0.0,0.0,0.0,0.0,2.0,0.0,0.0,0.0,0.0,0.0,0.0,0.0,0.0,0.0,2024-01-01
CA6LVYK,1854.427266,0.0,0.0,0.0,0.0,0.0,0.0,0.0,0.0,0.0,7.0,0.0,0.0,0.0,0.0,0.0,0.0,0.0,0.0,0.0,2024-02-01
CA6LVYK,1025.849069,0.0,0.0,0.0,0.0,0.0,0.0,0.0,0.0,0.0,4.0,0.0,0.0,0.0,0.0,0.0,0.0,0.0,0.0,0.0,2024-03-01
CA6LVYK,898.9036209999999,0.0,0.0,0.0,0.0,0.0,0.0,0.0,0.0,0.0,5.0,0.0,0.0,0.0,0.0,0.0,0.0,0.0,0.0,0.0,2023-12-01
CA6NNMK,14469.759574,0.0,0.0,0.0,0.0,0.0,0.0,0.0,0.0,0.0,6.0,0.0,0.0,0.0,0.0,0.0,0.0,0.0,0.0,0.0,2023-10-01
CA6NNMK,12865.602729,0.0,0.0,0.0,0.0,0.0,0.0,0.0,0.0,0.0,6.0,0.0,0.0,0.0,0.0,0.0,0.0,0.0,0.0,0.0,2023-11-01
CA6NNMK,11271.002113,0.0,0.0,0.0,0.0,0.0,0.0,0.0,0.0,0.0,6.0,0.0,0.0,0.0,0.0,0.0,0.0,0.0,0.0,0.0,2024-01-01
CA6NNMK,12469.402793,0.0,0.0,0.0,0.0,0.0,0.0,0.0,0.0,0.0,6.0,0.0,0.0,0.0,0.0,0.0,0.0,0.0,0.0,0.0,2024-02-01
CA6NNMK,17022.051467,0.0,67.77203299999996,0.0,0.0,0.0,0.0,0.0,0.0,0.0,6.0,0.0,4.0,0.0,0.0,0.0,0.0,0.0,0.0,0.0,2024-03-01
CA6NNMK,12423.706966000002,0.0,0.0,0.0,0.0,0.0,0.0,0.0,0.0,0.0,6.0,0.0,0.0,0.0,0.0,0.0,0.0,0.0,0.0,0.0,2023-12-01
CA6R8GK,0.0,0.0,0.0,0.0,0.0,0.0,0.0,0.0,0.0,0.0,2.0,0.0,0.0,0.0,0.0,0.0,0.0,0.0,0.0,0.0,2023-10-01
CA6R8GK,0.0,0.0,0.0,0.0,0.0,0.0,0.0,0.0,0.0,0.0,1.0,0.0,0.0,0.0,0.0,0.0,0.0,0.0,0.0,0.0,2024-01-01
CA6R8GK,0.0,0.0,0.0,0.0,0.0,0.0,0.0,0.0,0.0,0.0,1.0,0.0,0.0,0.0,0.0,0.0,0.0,0.0,0.0,0.0,2024-02-01
CA6R8GK,0.0,0.0,0.0,0.0,0.0,0.0,0.0,0.0,0.0,0.0,1.0,0.0,0.0,0.0,0.0,0.0,0.0,0.0,0.0,0.0,2023-12-01
CA6S34K,13711.466680593,1848.59,0.0,0.0,0.0,0.0,0.0,0.0,0.0,0.0,11.0,4.0,0.0,0.0,0.0,0.0,0.0,0.0,0.0,0.0,2023-10-01
CA6S34K,14883.022780136,3659.941999999999,0.0,0.0,0.0,0.0,0.0,0.0,0.0,0.0,10.0,4.0,0.0,0.0,0.0,0.0,0.0,0.0,0.0,0.0,2023-11-01
CA6S34K,11704.463065736,184.85999999999967,0.0,0.0,0.0,0.0,0.0,0.0,0.0,0.0,11.0,4.0,0.0,0.0,0.0,0.0,0.0,0.0,0.0,0.0,2024-01-01
CA6S34K,10427.049106672,1869.69,0.0,0.0,0.0,0.0,0.0,0.0,0.0,0.0,10.0,4.0,0.0,0.0,0.0,0.0,0.0,0.0,0.0,0.0,2024-02-01
CA6S34K,11913.580561296,0.0,0.0,0.0,0.0,0.0,0.0,0.0,0.0,0.0,11.0,0.0,0.0,0.0,0.0,0.0,0.0,0.0,0.0,0.0,2024-03-01
CA6S34K,15988.343713911,3047.33,0.0,0.0,0.0,0.0,0.0,0.0,0.0,0.0,11.0,4.0,0.0,0.0,0.0,0.0,0.0,0.0,0.0,0.0,2023-12-01
CA6SOSK,0.08,74.84688,0.0,0.0,0.0,0.0,0.0,0.0,0.0,0.0,1.0,4.0,0.0,0.0,0.0,0.0,0.0,0.0,0.0,0.0,2023-10-01
CA6SOSK,0.17,92.5854,0.0,0.0,0.0,0.0,0.0,0.0,0.0,0.0,1.0,3.0,0.0,0.0,0.0,0.0,0.0,0.0,0.0,0.0,2023-11-01
CA6SOSK,0.07,90.82544,0.0,0.0,0.0,0.0,0.0,0.0,0.0,0.0,2.0,4.0,0.0,0.0,0.0,0.0,0.0,0.0,0.0,0.0,2024-01-01
CA6SOSK,0.14,165.99536000000003,0.0,0.0,0.0,0.0,0.0,0.0,0.0,0.0,2.0,4.0,0.0,0.0,0.0,0.0,0.0,0.0,0.0,0.0,2024-02-01
CA6SOSK,0.01,0.0,0.0,0.0,0.0,0.0,0.0,0.0,0.0,0.0,1.0,0.0,0.0,0.0,0.0,0.0,0.0,0.0,0.0,0.0,2024-03-01
CA6SOSK,0.08,81.16911999999999,0.0,0.0,0.0,0.0,0.0,0.0,0.0,0.0,2.0,4.0,0.0,0.0,0.0,0.0,0.0,0.0,0.0,0.0,2023-12-01
CA6V6DK,6818.206820742,0.0,914.876073,0.0,0.0,0.0,0.0,0.0,0.0,0.0,8.0,0.0,34.0,0.0,0.0,0.0,0.0,0.0,0.0,0.0,2023-10-01
CA6V6DK,8818.926231070001,0.0,0.0,0.0,0.0,0.0,0.0,0.0,0.0,0.0,5.0,0.0,4.0,0.0,0.0,0.0,0.0,0.0,0.0,0.0,2023-11-01
CA6V6DK,9008.001796,0.0,330.00999999999993,0.0,0.0,0.0,0.0,16479.31,0.0,0.0,7.0,0.0,26.0,0.0,0.0,0.0,0.0,2.0,0.0,0.0,2024-01-01
CA6V6DK,6541.474731999999,0.0,0.0,0.0,0.0,0.0,0.0,0.0,0.0,0.0,8.0,0.0,0.0,0.0,0.0,0.0,0.0,0.0,0.0,0.0,2024-02-01
CA6V6DK,11917.98403,0.0,0.0,0.0,0.0,0.0,0.0,0.0,0.0,0.0,7.0,0.0,0.0,0.0,0.0,0.0,0.0,0.0,0.0,0.0,2024-03-01
CA6V6DK,5057.177063,0.0,0.0,0.0,0.0,0.0,0.0,0.0,0.0,0.0,9.0,0.0,0.0,0.0,0.0,0.0,0.0,0.0,0.0,0.0,2023-12-01
CA6WH1K,0.37,0.0,0.0,0.0,0.0,0.0,0.0,0.0,0.0,0.0,1.0,0.0,0.0,0.0,0.0,0.0,0.0,0.0,0.0,0.0,2023-10-01
CA6WH1K,0.39,0.0,0.0,0.0,0.0,0.0,0.0,0.0,0.0,0.0,1.0,0.0,0.0,0.0,0.0,0.0,0.0,0.0,0.0,0.0,2023-11-01
CA6WH1K,0.36,0.0,0.0,0.0,0.0,0.0,0.0,0.0,0.0,0.0,1.0,0.0,0.0,0.0,0.0,0.0,0.0,0.0,0.0,0.0,2023-12-01
CA7B95K,200.46,0.0,0.0,0.0,0.0,0.0,0.0,0.0,0.0,0.0,3.0,0.0,0.0,0.0,0.0,0.0,0.0,0.0,0.0,0.0,2023-10-01
CA7B95K,259.54,0.0,0.0,0.0,0.0,0.0,0.0,0.0,0.0,0.0,3.0,0.0,0.0,0.0,0.0,0.0,0.0,0.0,0.0,0.0,2023-11-01
CA7B95K,226.6,0.0,0.0,0.0,0.0,0.0,0.0,0.0,0.0,0.0,6.0,0.0,0.0,0.0,0.0,0.0,0.0,0.0,0.0,0.0,2024-01-01
CA7B95K,216.06,0.0,0.0,0.0,0.0,0.0,0.0,0.0,0.0,0.0,6.0,0.0,0.0,0.0,0.0,0.0,0.0,0.0,0.0,0.0,2024-02-01
CA7B95K,255.91000000000005,0.0,0.0,0.0,0.0,0.0,0.0,0.0,0.0,0.0,3.0,0.0,0.0,0.0,0.0,0.0,0.0,0.0,0.0,0.0,2024-03-01
CA7B95K,435.917648,0.0,0.0,0.0,0.0,0.0,0.0,0.0,0.0,0.0,8.0,0.0,0.0,0.0,0.0,0.0,0.0,0.0,0.0,0.0,2023-12-01
CA7JOAK,1837.76,0.0,0.0,0.0,0.0,0.0,0.0,0.0,0.0,0.0,5.0,0.0,0.0,0.0,0.0,0.0,0.0,0.0,0.0,0.0,2023-10-01
CA7JOAK,0.0,0.0,0.0,0.0,0.0,0.0,0.0,0.0,0.0,0.0,2.0,0.0,0.0,0.0,0.0,0.0,0.0,0.0,0.0,0.0,2023-11-01
CA7JOAK,0.0,0.0,0.0,0.0,0.0,0.0,0.0,0.0,0.0,0.0,1.0,0.0,0.0,0.0,0.0,0.0,0.0,0.0,0.0,0.0,2024-01-01
CA7JOAK,2461.1290200000003,0.0,0.0,0.0,0.0,0.0,0.0,0.0,0.0,0.0,8.0,0.0,0.0,0.0,0.0,0.0,0.0,0.0,0.0,0.0,2024-02-01
CA7JOAK,2210.768108,0.0,0.0,0.0,0.0,0.0,0.0,0.0,0.0,0.0,7.0,0.0,0.0,0.0,0.0,0.0,0.0,0.0,0.0,0.0,2024-03-01
CA7JOAK,0.0,0.0,0.0,0.0,0.0,0.0,0.0,0.0,0.0,0.0,1.0,0.0,0.0,0.0,0.0,0.0,0.0,0.0,0.0,0.0,2023-12-01
CA7LN2K,6576.819192399999,999.0114999999988,0.0,0.0,-1.2000000000000002,0.0,0.0,0.0,0.0,0.0,9.0,4.0,0.0,0.0,3.0,0.0,0.0,0.0,0.0,0.0,2023-10-01
CA7LN2K,5369.817748002,728.7505632000011,0.0,0.0,6.3568,0.0,0.0,0.0,0.0,0.0,10.0,4.0,0.0,0.0,6.0,0.0,0.0,0.0,0.0,0.0,2023-11-01
CA7LN2K,4971.81528146,841.7978999999996,0.0,0.0,0.0,0.0,0.0,0.0,0.0,0.0,10.0,4.0,0.0,0.0,0.0,0.0,0.0,0.0,0.0,0.0,2024-01-01
CA7LN2K,-2543.2750154040004,716.2911799999999,0.0,0.0,9.296000000000005,0.0,0.0,0.0,0.0,0.0,11.0,4.0,0.0,0.0,6.0,0.0,0.0,0.0,0.0,0.0,2024-02-01
CA7LN2K,3085.971961195,500.5755800000016,0.0,0.0,1.8960000000000017,0.0,0.0,0.0,0.0,0.0,10.0,4.0,0.0,0.0,5.0,0.0,0.0,0.0,0.0,0.0,2024-03-01
CA7LN2K,4669.4153066,948.8572399999994,0.0,0.0,1.46,0.0,0.0,0.0,0.0,0.0,9.0,4.0,0.0,0.0,4.0,0.0,0.0,0.0,0.0,0.0,2023-12-01
CA7ON5K,28534.358641,0.0,0.0,0.0,0.0,0.0,0.0,0.0,0.0,0.0,11.0,0.0,0.0,0.0,0.0,0.0,0.0,0.0,0.0,0.0,2023-10-01
CA7ON5K,6291.268345,0.0,0.0,0.0,0.0,0.0,0.0,0.0,0.0,0.0,10.0,0.0,0.0,0.0,0.0,0.0,0.0,0.0,0.0,0.0,2023-11-01
CA7ON5K,2465.36101,0.0,0.0,0.0,0.0,0.0,0.0,0.0,0.0,0.0,10.0,0.0,0.0,0.0,0.0,0.0,0.0,0.0,0.0,0.0,2024-01-01
CA7ON5K,10446.127953,0.0,0.0,0.0,0.0,0.0,0.0,0.0,0.0,0.0,10.0,0.0,0.0,0.0,0.0,0.0,0.0,0.0,0.0,0.0,2024-02-01
CA7ON5K,72558.463603,0.0,0.0,0.0,0.0,0.0,0.0,0.0,0.0,0.0,11.0,0.0,0.0,0.0,0.0,0.0,0.0,0.0,0.0,0.0,2024-03-01
CA7ON5K,17034.647035,0.0,0.0,0.0,0.0,0.0,0.0,0.0,0.0,0.0,11.0,0.0,0.0,0.0,0.0,0.0,0.0,0.0,0.0,0.0,2023-12-01
CA7P50K,934.977586,0.0,0.0,0.0,0.0,0.0,0.0,0.0,0.0,0.0,4.0,0.0,0.0,0.0,0.0,0.0,0.0,0.0,0.0,0.0,2023-10-01
CA7QL5K,0.0,0.0,0.0,0.0,0.0,0.0,0.0,0.0,0.0,0.0,0.0,0.0,0.0,0.0,0.0,0.0,0.0,0.0,0.0,0.0,2023-10-01
CA7RA8K,2436.245286,0.0,0.0,0.0,0.0,0.0,0.0,0.0,0.0,0.0,7.0,0.0,0.0,0.0,0.0,0.0,0.0,0.0,0.0,0.0,2023-10-01
CA7RA8K,1477.698312,0.0,0.0,0.0,0.0,0.0,0.0,0.0,0.0,0.0,6.0,0.0,0.0,0.0,0.0,0.0,0.0,0.0,0.0,0.0,2023-11-01
CA7RA8K,1633.178627,0.0,0.0,0.0,0.0,0.0,0.0,0.0,0.0,0.0,9.0,0.0,0.0,0.0,0.0,0.0,0.0,0.0,0.0,0.0,2024-01-01
CA7RA8K,1975.62658,0.0,0.0,0.0,0.0,0.0,0.0,0.0,0.0,0.0,11.0,0.0,0.0,0.0,0.0,0.0,0.0,0.0,0.0,0.0,2024-02-01
CA7RA8K,1473.343778,0.0,0.0,0.0,0.0,0.0,0.0,0.0,0.0,0.0,6.0,0.0,0.0,0.0,0.0,0.0,0.0,0.0,0.0,0.0,2024-03-01
CA7RA8K,1444.826055,0.0,0.0,0.0,0.0,0.0,0.0,0.0,0.0,0.0,9.0,0.0,0.0,0.0,0.0,0.0,0.0,0.0,0.0,0.0,2023-12-01
CA7SD8K,0.0,0.0,0.0,0.0,0.0,0.0,0.0,0.0,0.0,0.0,4.0,0.0,0.0,0.0,0.0,0.0,0.0,0.0,0.0,0.0,2023-10-01
CA7SD8K,0.0,0.0,0.0,0.0,0.0,0.0,0.0,0.0,0.0,0.0,3.0,0.0,0.0,0.0,0.0,0.0,0.0,0.0,0.0,0.0,2023-11-01
CA7SD8K,0.0,0.0,0.0,0.0,0.0,0.0,0.0,0.0,0.0,0.0,2.0,0.0,0.0,0.0,0.0,0.0,0.0,0.0,0.0,0.0,2024-01-01
CA7SD8K,0.0,0.0,0.0,0.0,0.0,0.0,0.0,0.0,0.0,0.0,2.0,0.0,0.0,0.0,0.0,0.0,0.0,0.0,0.0,0.0,2024-02-01
CA7SD8K,2873.38,0.0,0.0,0.0,0.0,0.0,0.0,0.0,0.0,0.0,5.0,0.0,0.0,0.0,0.0,0.0,0.0,0.0,0.0,0.0,2024-03-01
CA7SD8K,0.0,0.0,0.0,0.0,0.0,0.0,0.0,0.0,0.0,0.0,2.0,0.0,0.0,0.0,0.0,0.0,0.0,0.0,0.0,0.0,2023-12-01
CA7TDLK,1080.405956,0.0,0.0,0.0,0.0,0.0,0.0,0.0,0.0,0.0,3.0,0.0,0.0,0.0,0.0,0.0,0.0,0.0,0.0,0.0,2023-10-01
CA7TDLK,1128.9316749999998,0.0,0.0,0.0,0.0,0.0,0.0,0.0,0.0,0.0,3.0,0.0,0.0,0.0,0.0,0.0,0.0,0.0,0.0,0.0,2023-11-01
CA7TDLK,926.295455,0.0,0.0,0.0,0.0,0.0,0.0,0.0,0.0,0.0,3.0,0.0,0.0,0.0,0.0,0.0,0.0,0.0,0.0,0.0,2024-01-01
CA7TDLK,978.954834,0.0,0.0,0.0,0.0,0.0,0.0,0.0,0.0,0.0,3.0,0.0,0.0,0.0,0.0,0.0,0.0,0.0,0.0,0.0,2024-02-01
CA7TDLK,705.147376,0.0,0.0,0.0,0.0,0.0,0.0,0.0,0.0,0.0,3.0,0.0,0.0,0.0,0.0,0.0,0.0,0.0,0.0,0.0,2024-03-01
CA7TDLK,1007.591439,0.0,0.0,0.0,0.0,0.0,0.0,0.0,0.0,0.0,3.0,0.0,0.0,0.0,0.0,0.0,0.0,0.0,0.0,0.0,2023-12-01
CA7U27K,14745.4951368,0.0,0.0,0.0,0.0,0.0,0.0,0.0,0.0,0.0,13.0,0.0,0.0,0.0,0.0,0.0,0.0,0.0,0.0,0.0,2023-10-01
CA7U27K,2159.84576,0.0,0.0,0.0,0.0,0.0,0.0,0.0,0.0,0.0,11.0,0.0,0.0,0.0,0.0,0.0,0.0,0.0,0.0,0.0,2023-11-01
CA7U27K,-56.313938,0.0,0.0,0.0,0.0,0.0,0.0,0.0,0.0,0.0,10.0,0.0,0.0,0.0,0.0,0.0,0.0,0.0,0.0,0.0,2024-01-01
CA7U27K,74.500381,0.0,0.0,0.0,0.0,0.0,0.0,0.0,0.0,0.0,12.0,0.0,0.0,0.0,0.0,0.0,0.0,0.0,0.0,0.0,2024-02-01
CA7U27K,12.825329,0.0,0.0,0.0,0.0,0.0,0.0,0.0,0.0,0.0,6.0,0.0,0.0,0.0,0.0,0.0,0.0,0.0,0.0,0.0,2024-03-01
CA7U27K,435.383766,0.0,0.0,0.0,0.0,0.0,0.0,0.0,0.0,0.0,10.0,0.0,0.0,0.0,0.0,0.0,0.0,0.0,0.0,0.0,2023-12-01
CA7XQ8K,35.826282,0.0,0.0,0.0,0.0,0.0,0.0,0.0,0.0,0.0,3.0,0.0,0.0,0.0,0.0,0.0,0.0,0.0,0.0,0.0,2023-10-01
CA7XQ8K,37.076466,0.0,0.0,0.0,0.0,0.0,0.0,0.0,0.0,0.0,3.0,0.0,0.0,0.0,0.0,0.0,0.0,0.0,0.0,0.0,2023-11-01
CA7XQ8K,38.272435,0.0,0.0,0.0,0.0,0.0,0.0,0.0,0.0,0.0,3.0,0.0,0.0,0.0,0.0,0.0,0.0,0.0,0.0,0.0,2024-01-01
CA7XQ8K,40.568663,0.0,0.0,0.0,0.0,0.0,0.0,0.0,0.0,0.0,3.0,0.0,0.0,0.0,0.0,0.0,0.0,0.0,0.0,0.0,2024-02-01
CA7XQ8K,46.880709,0.0,0.0,0.0,0.0,0.0,0.0,0.0,0.0,0.0,3.0,0.0,0.0,0.0,0.0,0.0,0.0,0.0,0.0,0.0,2024-03-01
CA7XQ8K,38.724026,0.0,0.0,0.0,0.0,0.0,0.0,0.0,0.0,0.0,3.0,0.0,0.0,0.0,0.0,0.0,0.0,0.0,0.0,0.0,2023-12-01
CA7ZAPK,2448.87,0.0,0.0,0.0,0.0,0.0,0.0,0.0,0.0,0.0,5.0,0.0,0.0,0.0,0.0,0.0,0.0,0.0,0.0,0.0,2023-10-01
CA7ZAPK,1657.7099999999998,0.0,0.0,0.0,0.0,0.0,0.0,0.0,0.0,0.0,5.0,0.0,0.0,0.0,0.0,0.0,0.0,0.0,0.0,0.0,2023-11-01
CA7ZAPK,908.94,0.0,0.0,0.0,0.0,0.0,0.0,0.0,0.0,0.0,4.0,0.0,0.0,0.0,0.0,0.0,0.0,0.0,0.0,0.0,2024-01-01
CA7ZAPK,1214.95,0.0,0.0,0.0,0.0,0.0,0.0,0.0,0.0,0.0,5.0,0.0,0.0,0.0,0.0,0.0,0.0,0.0,0.0,0.0,2024-02-01
CA7ZAPK,1469.73,0.0,0.0,0.0,0.0,0.0,0.0,0.0,0.0,0.0,5.0,0.0,0.0,0.0,0.0,0.0,0.0,0.0,0.0,0.0,2024-03-01
CA7ZAPK,1150.26,0.0,0.0,0.0,0.0,0.0,0.0,0.0,0.0,0.0,5.0,0.0,0.0,0.0,0.0,0.0,0.0,0.0,0.0,0.0,2023-12-01
CA81AIK,5806.390356,0.0,0.0,0.0,0.0,0.0,0.0,0.0,0.0,0.0,11.0,0.0,0.0,0.0,0.0,0.0,0.0,0.0,0.0,0.0,2023-10-01
CA81AIK,5126.970012000001,0.0,0.0,0.0,0.0,0.0,0.0,0.0,0.0,0.0,11.0,0.0,0.0,0.0,0.0,0.0,0.0,0.0,0.0,0.0,2023-11-01
CA81AIK,-2199.114911,0.0,0.0,0.0,0.0,0.0,0.0,0.0,0.0,0.0,10.0,0.0,0.0,0.0,0.0,0.0,0.0,0.0,0.0,0.0,2024-01-01
CA81AIK,1894.9299,0.0,0.0,0.0,0.0,0.0,0.0,0.0,0.0,0.0,12.0,0.0,0.0,0.0,0.0,0.0,0.0,0.0,0.0,0.0,2024-02-01
CA81AIK,1991.849989,0.0,0.0,0.0,0.0,0.0,0.0,0.0,0.0,0.0,13.0,0.0,0.0,0.0,0.0,0.0,0.0,0.0,0.0,0.0,2024-03-01
CA81AIK,3732.764674,0.0,0.0,0.0,0.0,0.0,0.0,0.0,0.0,0.0,13.0,0.0,0.0,0.0,0.0,0.0,0.0,0.0,0.0,0.0,2023-12-01
CA83CYK,224003.677930804,0.0,0.0,0.0,34.750153039,0.0,0.0,0.0,0.0,0.0,14.0,0.0,0.0,0.0,2.0,0.0,0.0,0.0,0.0,0.0,2023-10-01
CA83CYK,466449.46617199096,0.0,0.0,0.0,26.099200289,0.0,0.0,0.0,0.0,0.0,14.0,0.0,0.0,0.0,2.0,0.0,0.0,0.0,0.0,0.0,2023-11-01
CA83CYK,262568.61242102,0.0,50741.975595000025,0.0,0.0,0.0,0.0,0.0,0.0,0.0,14.0,0.0,15.0,0.0,0.0,0.0,0.0,0.0,0.0,0.0,2024-01-01
CA83CYK,201950.99711854,0.0,31534.13809899992,0.0,0.0,0.0,0.0,0.0,0.0,0.0,15.0,0.0,13.0,0.0,0.0,0.0,0.0,0.0,0.0,0.0,2024-02-01
CA83CYK,59422.946657486005,0.0,173025.9008800001,0.0,0.0,0.0,0.0,0.0,0.0,0.0,12.0,0.0,14.0,0.0,0.0,0.0,0.0,0.0,0.0,0.0,2024-03-01
CA83CYK,267491.45144396,0.0,29437.292173999944,0.0,16.630780008000002,0.0,0.0,0.0,0.0,0.0,16.0,0.0,7.0,0.0,2.0,0.0,0.0,0.0,0.0,0.0,2023-12-01
CA88DIK,108.99046,0.0,0.0,0.0,0.0,0.0,0.0,0.0,0.0,0.0,2.0,0.0,0.0,0.0,0.0,0.0,0.0,0.0,0.0,0.0,2023-10-01
CA88DIK,141.846562,0.0,0.0,0.0,0.0,0.0,0.0,0.0,0.0,0.0,2.0,0.0,0.0,0.0,0.0,0.0,0.0,0.0,0.0,0.0,2023-11-01
CA88DIK,56.450935,0.0,0.0,0.0,0.0,0.0,0.0,0.0,0.0,0.0,3.0,0.0,0.0,0.0,0.0,0.0,0.0,0.0,0.0,0.0,2024-01-01
CA88DIK,104.013269,0.0,0.0,0.0,0.0,0.0,0.0,0.0,0.0,0.0,3.0,0.0,0.0,0.0,0.0,0.0,0.0,0.0,0.0,0.0,2024-02-01
CA88DIK,198.694504,0.0,0.0,0.0,0.0,0.0,0.0,0.0,0.0,0.0,4.0,0.0,0.0,0.0,0.0,0.0,0.0,0.0,0.0,0.0,2024-03-01
CA88DIK,241.598007,0.0,0.0,0.0,0.0,0.0,0.0,0.0,0.0,0.0,4.0,0.0,0.0,0.0,0.0,0.0,0.0,0.0,0.0,0.0,2023-12-01
CA88LGK,4.92,0.0,0.0,0.0,0.0,0.0,0.0,0.0,0.0,0.0,1.0,0.0,0.0,0.0,0.0,0.0,0.0,0.0,0.0,0.0,2023-10-01
CA88LGK,5.19,0.0,0.0,0.0,0.0,0.0,0.0,0.0,0.0,0.0,1.0,0.0,0.0,0.0,0.0,0.0,0.0,0.0,0.0,0.0,2023-11-01
CA88LGK,5.52,0.0,0.0,0.0,0.0,0.0,0.0,0.0,0.0,0.0,1.0,0.0,0.0,0.0,0.0,0.0,0.0,0.0,0.0,0.0,2024-01-01
CA88LGK,7.16,0.0,0.0,0.0,0.0,0.0,0.0,0.0,0.0,0.0,3.0,0.0,0.0,0.0,0.0,0.0,0.0,0.0,0.0,0.0,2024-02-01
CA88LGK,10.04,0.0,0.0,0.0,0.0,0.0,0.0,0.0,0.0,0.0,1.0,0.0,0.0,0.0,0.0,0.0,0.0,0.0,0.0,0.0,2024-03-01
CA88LGK,5.39,0.0,0.0,0.0,0.0,0.0,0.0,0.0,0.0,0.0,1.0,0.0,0.0,0.0,0.0,0.0,0.0,0.0,0.0,0.0,2023-12-01
CA8BCZK,9176.212446,0.0,0.0,0.0,0.0,0.0,0.0,0.0,0.0,0.0,5.0,0.0,0.0,0.0,0.0,0.0,0.0,0.0,0.0,0.0,2023-10-01
CA8BCZK,3264.737716,0.0,0.0,0.0,0.0,0.0,0.0,0.0,0.0,0.0,5.0,0.0,0.0,0.0,0.0,0.0,0.0,0.0,0.0,0.0,2023-11-01
CA8BCZK,2802.2088000000003,0.0,0.0,0.0,0.0,0.0,0.0,0.0,0.0,0.0,7.0,0.0,0.0,0.0,0.0,0.0,0.0,0.0,0.0,0.0,2024-01-01
CA8BCZK,3380.654219,0.0,0.0,0.0,0.0,0.0,0.0,0.0,0.0,0.0,7.0,0.0,0.0,0.0,0.0,0.0,0.0,0.0,0.0,0.0,2024-02-01
CA8BCZK,2558.513551,0.0,0.0,0.0,0.0,0.0,0.0,0.0,0.0,0.0,5.0,0.0,0.0,0.0,0.0,0.0,0.0,0.0,0.0,0.0,2024-03-01
CA8BCZK,2423.251305,0.0,0.0,0.0,0.0,0.0,0.0,0.0,0.0,0.0,7.0,0.0,0.0,0.0,0.0,0.0,0.0,0.0,0.0,0.0,2023-12-01
CA8DXYK,5680.7045466,0.0,0.0,0.0,0.0,0.0,0.0,0.0,0.0,0.0,5.0,0.0,0.0,0.0,0.0,0.0,0.0,0.0,0.0,0.0,2023-10-01
CA8DXYK,5124.9599266,0.0,0.0,0.0,0.0,0.0,0.0,0.0,0.0,0.0,7.0,0.0,0.0,0.0,0.0,0.0,0.0,0.0,0.0,0.0,2023-11-01
CA8DXYK,922.233851,0.0,0.0,0.0,0.0,0.0,0.0,0.0,0.0,0.0,6.0,0.0,0.0,0.0,0.0,0.0,0.0,0.0,0.0,0.0,2024-01-01
CA8DXYK,-10832.5998642,0.0,0.0,0.0,0.0,0.0,0.0,0.0,0.0,0.0,9.0,0.0,0.0,0.0,0.0,0.0,0.0,0.0,0.0,0.0,2024-02-01
CA8DXYK,2295.0762847999995,0.0,0.0,0.0,0.0,0.0,0.0,0.0,0.0,0.0,10.0,0.0,0.0,0.0,0.0,0.0,0.0,0.0,0.0,0.0,2024-03-01
CA8DXYK,3932.1157148,0.0,0.0,0.0,0.0,0.0,0.0,0.0,0.0,0.0,7.0,0.0,0.0,0.0,0.0,0.0,0.0,0.0,0.0,0.0,2023-12-01
CA8FM6K,36.20079,0.0,0.0,0.0,0.0,0.0,0.0,0.0,0.0,0.0,2.0,0.0,0.0,0.0,0.0,0.0,0.0,0.0,0.0,0.0,2023-10-01
CA8FM6K,37.243826000000006,0.0,0.0,0.0,0.0,0.0,0.0,0.0,0.0,0.0,2.0,0.0,0.0,0.0,0.0,0.0,0.0,0.0,0.0,0.0,2023-11-01
CA8FM6K,0.0,0.0,0.0,0.0,0.0,0.0,0.0,0.0,0.0,0.0,1.0,0.0,0.0,0.0,0.0,0.0,0.0,0.0,0.0,0.0,2024-01-01
CA8FM6K,0.0,0.0,0.0,0.0,0.0,0.0,0.0,0.0,0.0,0.0,1.0,0.0,0.0,0.0,0.0,0.0,0.0,0.0,0.0,0.0,2024-02-01
CA8FM6K,434.586492,0.0,0.0,0.0,0.0,0.0,0.0,0.0,0.0,0.0,4.0,0.0,0.0,0.0,0.0,0.0,0.0,0.0,0.0,0.0,2023-12-01
CA8GR2K,79.22144300000001,0.0,0.0,0.0,0.0,0.0,0.0,0.0,0.0,0.0,2.0,0.0,0.0,0.0,0.0,0.0,0.0,0.0,0.0,0.0,2023-10-01
CA8GR2K,118.860471,0.0,0.0,0.0,0.0,0.0,0.0,0.0,0.0,0.0,2.0,0.0,0.0,0.0,0.0,0.0,0.0,0.0,0.0,0.0,2023-11-01
CA8GR2K,201.369396,0.0,0.16,0.0,0.0,0.0,0.0,0.0,0.0,0.0,2.0,0.0,3.0,0.0,0.0,0.0,0.0,0.0,0.0,0.0,2024-01-01
CA8GR2K,981.800586,0.0,0.0,0.0,0.0,0.0,0.0,0.0,0.0,0.0,2.0,0.0,0.0,0.0,0.0,0.0,0.0,0.0,0.0,0.0,2024-02-01
CA8GR2K,3082.4934120000003,0.0,0.0,0.0,0.0,0.0,0.0,0.0,0.0,0.0,2.0,0.0,0.0,0.0,0.0,0.0,0.0,0.0,0.0,0.0,2024-03-01
CA8GR2K,166.701399,0.0,0.0,0.0,0.0,0.0,0.0,0.0,0.0,0.0,2.0,0.0,0.0,0.0,0.0,0.0,0.0,0.0,0.0,0.0,2023-12-01
CA8H29K,2705.155345266,0.0,0.0,-0.448999879,0.0,0.0,9133.520000000002,0.0,0.0,0.0,61.0,0.0,0.0,1.0,0.0,0.0,3.0,0.0,0.0,0.0,2023-10-01
CA8H29K,2319.608256594,0.0,0.0,0.0,0.0,0.0,-932.1899999999972,0.0,0.0,0.0,5.0,0.0,0.0,0.0,0.0,0.0,4.0,0.0,0.0,0.0,2023-11-01
CA8H29K,2894.276071828001,0.0,0.0,0.0,0.0,0.0,5381.340000000004,0.0,0.0,0.0,52.0,0.0,0.0,0.0,0.0,0.0,3.0,0.0,0.0,0.0,2024-01-01
CA8H29K,7235.608446951001,0.0,0.0,0.0,0.0,0.0,1625.5799999999986,0.0,0.0,0.0,12.0,0.0,0.0,0.0,0.0,0.0,3.0,0.0,0.0,0.0,2024-02-01
CA8H29K,2354.838016579,0.0,0.0,0.0,0.0,0.0,3719.129999999997,0.0,0.0,0.0,9.0,0.0,0.0,0.0,0.0,0.0,3.0,0.0,0.0,0.0,2024-03-01
CA8H29K,2214.6218317310004,0.0,0.0,0.0,0.0,0.0,3529.9,0.0,0.0,0.0,63.0,0.0,0.0,0.0,0.0,0.0,3.0,0.0,0.0,0.0,2023-12-01
CA8HNUK,23397.495953,0.0,0.0,0.0,0.0,0.0,-817.69,0.0,0.0,0.0,7.0,0.0,0.0,0.0,0.0,0.0,4.0,0.0,0.0,0.0,2023-10-01
CA8HNUK,7641.417993999999,0.0,0.0,0.0,0.0,0.0,-263.01,0.0,0.0,0.0,5.0,0.0,0.0,0.0,0.0,0.0,1.0,0.0,0.0,0.0,2023-11-01
CA8HNUK,8393.383462,0.0,0.0,0.0,0.0,0.0,-263.01,0.0,0.0,0.0,6.0,0.0,0.0,0.0,0.0,0.0,1.0,0.0,0.0,0.0,2024-01-01
CA8HNUK,8290.464366,0.0,0.0,0.0,0.0,0.0,-271.04,0.0,0.0,0.0,6.0,0.0,0.0,0.0,0.0,0.0,1.0,0.0,0.0,0.0,2024-02-01
CA8HNUK,7533.969999999999,0.0,0.0,0.0,0.0,0.0,-271.04,0.0,0.0,0.0,4.0,0.0,0.0,0.0,0.0,0.0,1.0,0.0,0.0,0.0,2024-03-01
CA8HNUK,7757.311266000001,0.0,0.0,0.0,0.0,0.0,-271.78,0.0,0.0,0.0,6.0,0.0,0.0,0.0,0.0,0.0,1.0,0.0,0.0,0.0,2023-12-01
CA8JWNK,7208.931434457,0.0,0.0,-1.589345162,0.0,0.0,0.0,0.0,0.0,0.0,67.0,0.0,0.0,1.0,0.0,0.0,0.0,0.0,0.0,0.0,2023-10-01
